객실등급,성별,나이,동반형제배우자,동반부모자녀,나이결측,객실정보유무,운임_log,가족수,탑승항구_Q,탑승항구_S,호칭_Miss,호칭_Mr,호칭_Mrs,호칭_기타,나이구간_청소년,나이구간_청년,나이구간_중년,나이구간_노년,가족규모_소가족,가족규모_대가족,생존
0.8295675466232271,0,-0.21289072126673914,-0.46508427634374117,-0.46618317148792077,1,0,1.1499629369709317,-0.5563385795422586,0,1,0,1,0,0,0,1,0,0,0,0,1
-0.3709448379209555,0,0.08628808360631014,-0.46508427634374117,-0.46618317148792077,1,0,-3.031319466504755,-0.5563385795422586,0,1,0,1,0,0,0,1,0,0,0,0,0
-1.571457222465138,0,0.7968377451798021,-0.46508427634374117,-0.46618317148792077,1,1,2.547747023464268,-0.5563385795422586,0,1,0,1,0,0,0,0,1,0,0,0,0
0.8295675466232271,1,0.1236854342154413,-0.46508427634374117,0.7277823612437324,1,0,-0.6195979894588993,0.07341192703021858,0,1,0,0,1,0,0,1,0,0,1,0,1
-0.3709448379209555,1,0.1236854342154413,0.4783345406270387,0.7277823612437324,0,0,0.37942701937126566,0.7031624336026958,0,1,0,0,1,0,0,1,0,0,1,0,1
0.8295675466232271,0,-0.6242615779671818,-0.46508427634374117,-0.46618317148792077,0,0,-0.7153042948764988,-0.5563385795422586,0,1,0,1,0,0,0,1,0,0,0,0,0
0.8295675466232271,0,-0.25028807187587027,-0.46508427634374117,-0.46618317148792077,0,0,1.1499629369709317,-0.5563385795422586,0,1,0,1,0,0,0,1,0,0,0,0,1
-1.571457222465138,0,0.7968377451798021,-0.46508427634374117,-0.46618317148792077,1,0,2.5740258238454325,-0.5563385795422586,0,0,0,1,0,0,0,0,1,0,0,0,0
0.8295675466232271,0,-0.21289072126673914,-0.46508427634374117,-0.46618317148792077,1,0,-0.7929011658750097,-0.5563385795422586,1,0,0,1,0,0,0,1,0,0,0,0,1
0.8295675466232271,1,0.1236854342154413,0.4783345406270387,-0.46618317148792077,0,0,0.00728031317377121,0.07341192703021858,0,1,0,0,1,0,0,1,0,0,1,0,0
-1.571457222465138,0,1.9935529646719992,-0.46508427634374117,-0.46618317148792077,0,1,0.6810319592848124,-0.5563385795422586,0,0,0,0,0,1,0,0,1,0,0,0,1
0.8295675466232271,1,-0.6242615779671818,0.4783345406270387,-0.46618317148792077,0,0,-0.5732912725184947,0.07341192703021858,0,1,1,0,0,0,0,1,0,0,1,0,0
0.8295675466232271,0,-0.21289072126673914,7.082266259422497,1.9217478939753856,1,0,1.3611159704086282,5.741166486182514,0,1,0,1,0,0,0,1,0,0,0,1,0
-1.571457222465138,0,1.9935529646719992,-0.46508427634374117,-0.46618317148792077,0,0,0.39072617457584324,-0.5563385795422586,0,1,0,1,0,0,0,0,1,0,0,0,0
0.8295675466232271,0,-0.6242615779671818,-0.46508427634374117,-0.46618317148792077,0,0,-0.7870209266083622,-0.5563385795422586,0,1,0,1,0,0,0,1,0,0,0,0,0
-1.571457222465138,1,0.27327483665196595,0.4783345406270387,-0.46618317148792077,0,1,1.6237937145275108,0.07341192703021858,1,0,1,0,0,0,0,1,0,0,1,0,1
0.8295675466232271,0,-0.6242615779671818,-0.46508427634374117,-0.46618317148792077,0,0,-0.7948726538512316,-0.5563385795422586,1,0,0,1,0,0,0,1,0,0,0,0,0
0.8295675466232271,0,-0.21289072126673914,-0.46508427634374117,-0.46618317148792077,1,0,-0.8536233379665082,-0.5563385795422586,0,1,0,1,0,0,0,1,0,0,0,0,0
0.8295675466232271,0,1.021221848834589,-0.46508427634374117,-0.46618317148792077,0,0,-0.9588843576272265,-0.5563385795422586,0,1,0,1,0,0,0,0,1,0,0,0,0
0.8295675466232271,1,-0.9234403828402311,2.3651721745685985,0.7277823612437324,1,0,-0.7581120559162504,1.9626634467476503,0,1,1,0,0,0,1,0,0,0,0,1,0
0.8295675466232271,0,0.04889073299717898,0.4783345406270387,-0.46618317148792077,0,0,-0.1014495473972631,0.07341192703021858,0,1,0,1,0,0,0,1,0,0,1,0,0
-1.571457222465138,1,0.1984801354337036,-0.46508427634374117,-0.46618317148792077,0,1,1.4552994464082514,-0.5563385795422586,0,0,1,0,0,0,0,1,0,0,0,0,1
-1.571457222465138,1,0.8716324463980645,-0.46508427634374117,-0.46618317148792077,1,0,1.4934175990459937,-0.5563385795422586,0,0,0,0,1,0,0,0,1,0,0,0,1
-0.3709448379209555,0,-0.7738509804037065,-0.46508427634374117,-0.46618317148792077,0,0,-0.5108681288878646,-0.5563385795422586,0,1,0,1,0,0,0,1,0,0,0,0,1
0.8295675466232271,0,-0.3998774743123949,-0.46508427634374117,-0.46618317148792077,0,0,-0.7758471369930473,-0.5563385795422586,0,1,0,1,0,0,0,1,0,0,0,0,0
-0.3709448379209555,1,1.1708112512711137,-0.46508427634374117,-0.46618317148792077,0,0,-0.2716536848503412,-0.5563385795422586,0,1,0,0,1,0,0,0,1,0,0,0,1
0.8295675466232271,0,-0.4746721755306572,-0.46508427634374117,-0.46618317148792077,0,0,-0.7758471369930473,-0.5563385795422586,0,1,0,1,0,0,0,1,0,0,0,0,0
0.8295675466232271,0,0.9464271476163267,-0.46508427634374117,0.7277823612437324,0,0,-0.7184926817201402,0.07341192703021858,0,1,0,1,0,0,0,0,1,0,1,0,0
-1.571457222465138,1,0.7220430439615398,0.4783345406270387,0.7277823612437324,0,1,1.5431342643342567,0.7031624336026958,0,0,1,0,0,0,0,0,1,0,1,0,1
0.8295675466232271,0,-0.9982350840584935,-0.46508427634374117,-0.46618317148792077,0,0,-0.7581120559162504,-0.5563385795422586,0,1,0,1,0,0,1,0,0,0,0,0,1
0.8295675466232271,0,-0.21289072126673914,-0.46508427634374117,-0.46618317148792077,1,0,-0.7758471369930473,-0.5563385795422586,0,1,0,1,0,0,0,1,0,0,0,0,0
-0.3709448379209555,0,2.7414999768546227,-0.46508427634374117,-0.46618317148792077,0,0,-0.5108681288878646,-0.5563385795422586,0,1,0,1,0,0,0,0,0,1,0,0,0
-1.571457222465138,0,-0.10069866943934565,-0.46508427634374117,-0.46618317148792077,0,1,0.39072617457584324,-0.5563385795422586,0,1,0,1,0,0,0,1,0,0,0,0,1
-0.3709448379209555,0,1.6195794585806875,-0.46508427634374117,-0.46618317148792077,0,0,-0.3434885440121017,-0.5563385795422586,0,1,0,0,0,1,0,0,1,0,0,0,0
-0.3709448379209555,0,1.3204006537076383,-0.46508427634374117,-0.46618317148792077,0,0,-0.17006557734384206,-0.5563385795422586,0,1,0,1,0,0,0,0,1,0,0,0,0
0.8295675466232271,0,-0.8486456816219689,-0.46508427634374117,-0.46618317148792077,0,0,-0.7581120559162504,-0.5563385795422586,0,1,0,1,0,0,0,1,0,0,0,0,1
-0.3709448379209555,0,0.4976589403067529,-0.46508427634374117,-0.46618317148792077,0,0,-0.30786719696643905,-0.5563385795422586,0,1,0,1,0,0,0,0,1,0,0,0,0
-0.3709448379209555,1,0.04889073299717898,-0.46508427634374117,-0.46618317148792077,0,0,-0.30786719696643905,-0.5563385795422586,0,1,1,0,0,0,0,1,0,0,0,0,1
-0.3709448379209555,1,-0.5494668767489196,0.4783345406270387,0.7277823612437324,0,0,0.4786454835882407,0.7031624336026958,0,1,0,0,1,0,0,1,0,0,1,0,1
0.8295675466232271,1,-0.9234403828402311,-0.46508427634374117,-0.46618317148792077,1,0,-0.7581120559162504,-0.5563385795422586,1,0,1,0,0,0,1,0,0,0,0,0,0
-0.3709448379209555,0,-0.3250827730941326,-0.46508427634374117,-0.46618317148792077,0,0,-0.30786719696643905,-0.5563385795422586,0,1,0,1,0,0,0,1,0,0,0,0,0
0.8295675466232271,0,-0.21289072126673914,-0.46508427634374117,-0.46618317148792077,1,0,-0.8562284618489097,-0.5563385795422586,0,0,0,1,0,0,0,1,0,0,0,0,0
-0.3709448379209555,1,0.1984801354337036,-0.46508427634374117,-0.46618317148792077,0,0,-0.30786719696643905,-0.5563385795422586,0,1,0,0,1,0,0,1,0,0,0,0,1
0.8295675466232271,0,-0.21289072126673914,-0.46508427634374117,-0.46618317148792077,1,0,-0.7899568580314144,-0.5563385795422586,0,1,0,1,0,0,0,1,0,0,0,0,1
0.8295675466232271,1,-0.7738509804037065,0.4783345406270387,-0.46618317148792077,0,0,-0.7806843666591833,0.07341192703021858,0,1,1,0,0,0,0,1,0,0,1,0,1
-1.571457222465138,0,1.69437415979895,-0.46508427634374117,-0.46618317148792077,0,1,0.5289959181344117,-0.5563385795422586,0,1,0,0,0,1,0,0,1,0,0,0,1
-1.571457222465138,0,3.115473482945934,-0.46508427634374117,-0.46618317148792077,0,1,0.6568368884859528,-0.5563385795422586,0,0,0,1,0,0,0,0,0,1,0,0,0
0.8295675466232271,0,0.1984801354337036,-0.46508427634374117,-0.46618317148792077,0,0,-0.7724652664167495,-0.5563385795422586,0,1,0,1,0,0,0,1,0,0,0,0,0
0.8295675466232271,0,-0.7738509804037065,-0.46508427634374117,-0.46618317148792077,0,1,-0.8047631263495542,-0.5563385795422586,0,1,0,1,0,0,0,1,0,0,0,0,0
0.8295675466232271,0,-0.21289072126673914,0.4783345406270387,-0.46618317148792077,1,0,-0.1383098656762799,0.07341192703021858,1,0,0,1,0,0,0,1,0,0,1,0,0
0.8295675466232271,1,-0.5494668767489196,-0.46508427634374117,-0.46618317148792077,0,0,-0.5721002981230034,-0.5563385795422586,0,1,1,0,0,0,0,1,0,0,0,0,0
-1.571457222465138,0,1.5447847573624254,0.4783345406270387,-0.46618317148792077,0,1,1.1392132631824479,0.07341192703021858,0,1,0,1,0,0,0,0,1,0,1,0,0
0.8295675466232271,0,-1.8957714986776413,2.3651721745685985,1.9217478939753856,0,0,0.4400950889070276,2.592413953320128,0,1,0,0,0,0,0,0,0,0,0,1,0
-1.571457222465138,1,0.4976589403067529,0.4783345406270387,1.9217478939753856,0,1,1.9178366200513448,1.3329129401751731,0,1,0,0,1,0,0,0,1,0,1,0,1
-1.571457222465138,0,-0.7738509804037065,0.4783345406270387,-0.46618317148792077,0,1,1.0871384005683544,0.07341192703021858,0,1,0,1,0,0,0,1,0,0,1,0,0
-1.571457222465138,1,0.04889073299717898,-0.46508427634374117,-0.46618317148792077,0,0,0.5452478949463863,-0.5563385795422586,0,0,1,0,0,0,0,1,0,0,0,0,1
0.8295675466232271,0,-0.21289072126673914,-0.46508427634374117,-0.46618317148792077,1,0,1.1499629369709317,-0.5563385795422586,0,1,0,1,0,0,0,1,0,0,0,0,1
0.8295675466232271,0,-0.21289072126673914,-0.46508427634374117,-0.46618317148792077,1,0,-0.8536233379665082,-0.5563385795422586,0,1,0,1,0,0,0,1,0,0,0,0,0
0.8295675466232271,0,-0.6242615779671818,-0.46508427634374117,-0.46618317148792077,0,0,-0.7581120559162504,-0.5563385795422586,0,1,0,1,0,0,0,1,0,0,0,0,0
-0.3709448379209555,0,0.04889073299717898,0.4783345406270387,-0.46618317148792077,0,0,0.2904934294194723,0.07341192703021858,0,0,0,1,0,0,0,1,0,0,1,0,0
-0.3709448379209555,1,-0.8486456816219689,-0.46508427634374117,0.7277823612437324,0,0,-0.24617142228430502,0.07341192703021858,0,1,1,0,0,0,0,1,0,0,1,0,1
0.8295675466232271,0,-0.7738509804037065,-0.46508427634374117,-0.46618317148792077,0,0,-3.031319466504755,-0.5563385795422586,0,1,0,1,0,0,0,1,0,0,0,0,0
-1.571457222465138,1,0.6472483427432775,-0.46508427634374117,-0.46618317148792077,0,1,1.1886063260501698,-0.5563385795422586,0,0,1,0,0,0,0,0,1,0,0,0,1
0.8295675466232271,0,-1.4470032913680673,2.3651721745685985,1.9217478939753856,0,0,0.4400950889070276,2.592413953320128,0,1,0,0,0,0,0,0,0,0,0,1,0
-0.3709448379209555,0,0.08628808360631014,-0.46508427634374117,-0.46618317148792077,1,0,-3.031319466504755,-0.5563385795422586,0,1,0,1,0,0,0,1,0,0,0,0,0
0.8295675466232271,1,-0.025903968221083335,0.4783345406270387,0.7277823612437324,0,1,-0.5142387770639807,0.7031624336026958,0,1,0,0,1,0,0,1,0,0,1,0,0
0.8295675466232271,0,-0.21289072126673914,-0.46508427634374117,-0.46618317148792077,1,0,-0.8458347787390537,-0.5563385795422586,0,1,0,1,0,0,0,1,0,0,0,0,0
0.8295675466232271,0,-0.10069866943934565,0.4783345406270387,-0.46618317148792077,0,0,-0.11664833757139786,0.07341192703021858,0,1,0,1,0,0,0,1,0,0,1,0,0
0.8295675466232271,1,0.7220430439615398,0.4783345406270387,5.503644492170345,0,0,0.5540785759716778,3.222164459892605,0,1,0,0,1,0,0,0,1,0,0,1,0
0.8295675466232271,1,-2.045360901114166,-0.46508427634374117,0.7277823612437324,0,1,-0.7581120559162504,0.07341192703021858,0,1,1,0,0,0,0,0,0,0,1,0,0
-0.3709448379209555,0,0.04889073299717898,-0.46508427634374117,-0.46618317148792077,0,0,-0.5108681288878646,-0.5563385795422586,0,1,0,1,0,0,0,1,0,0,0,0,0
0.8295675466232271,0,-0.3250827730941326,-0.46508427634374117,-0.46618317148792077,0,0,-0.8567552954513431,-0.5563385795422586,0,0,0,1,0,0,0,1,0,0,0,0,0
0.8295675466232271,0,-0.21289072126673914,3.3085909915393783,0.7277823612437324,1,0,0.7931138366133468,2.592413953320128,0,1,0,1,0,0,0,1,0,0,0,1,0
-1.571457222465138,1,0.4228642390884906,0.4783345406270387,-0.46618317148792077,0,0,1.0659392028510697,0.07341192703021858,0,1,0,0,1,0,0,0,1,0,1,0,1
-1.571457222465138,0,-0.9234403828402311,-0.46508427634374117,1.9217478939753856,0,1,1.836997373841153,0.7031624336026958,0,0,0,1,0,0,1,0,0,0,1,0,1
0.8295675466232271,0,-0.21289072126673914,-0.46508427634374117,-0.46618317148792077,1,0,-0.7958538980729837,-0.5563385795422586,1,0,0,1,0,0,0,1,0,0,0,0,0
0.8295675466232271,1,-0.8486456816219689,-0.46508427634374117,-0.46618317148792077,0,0,-0.9181430458949386,-0.5563385795422586,1,0,1,0,0,0,0,1,0,0,0,0,0
0.8295675466232271,1,-0.4746721755306572,-0.46508427634374117,-0.46618317148792077,0,0,-0.8167630196874914,-0.5563385795422586,0,1,1,0,0,0,0,1,0,0,0,0,1
0.8295675466232271,0,1.5447847573624254,-0.46508427634374117,-0.46618317148792077,0,0,-0.7581120559162504,-0.5563385795422586,0,1,0,1,0,0,0,0,1,0,0,0,0
-1.571457222465138,1,-0.6242615779671818,1.4217533575978185,1.9217478939753856,0,1,2.720497994372778,1.9626634467476503,0,0,1,0,0,0,0,1,0,0,0,1,1
-1.571457222465138,1,2.1431423671085237,-0.46508427634374117,-0.46618317148792077,0,1,2.122352851348488,-0.5563385795422586,0,0,1,0,0,0,0,0,1,0,0,0,1
-0.3709448379209555,1,-1.9705661998959036,0.4783345406270387,1.9217478939753856,0,0,0.8400120809135235,1.3329129401751731,0,0,1,0,0,0,0,0,0,0,1,0,1
-0.3709448379209555,1,-0.3998774743123949,-0.46508427634374117,0.7277823612437324,1,0,0.08569618860385127,0.07341192703021858,0,1,1,0,0,0,0,1,0,0,1,0,1
-0.3709448379209555,0,2.0683476658902613,-0.46508427634374117,-0.46618317148792077,0,0,-0.3569284630761847,-0.5563385795422586,1,0,0,0,0,1,0,0,1,0,0,0,0
-0.3709448379209555,0,-0.9982350840584935,-0.46508427634374117,-0.46618317148792077,0,0,0.36991562301720593,-0.5563385795422586,0,1,0,1,0,0,1,0,0,0,0,0,0
0.8295675466232271,1,-0.9234403828402311,-0.46508427634374117,-0.46618317148792077,1,0,-0.7581120559162504,-0.5563385795422586,1,0,1,0,0,0,1,0,0,0,0,0,1
-0.3709448379209555,0,2.2927317695450484,0.4783345406270387,0.7277823612437324,0,0,0.7755273983280434,0.7031624336026958,0,1,0,1,0,0,0,0,0,1,1,0,0
-1.571457222465138,0,-0.5494668767489196,-0.46508427634374117,-0.46618317148792077,0,0,2.043232566598004,-0.5563385795422586,0,0,0,1,0,0,0,1,0,0,0,0,0
-0.3709448379209555,0,0.04889073299717898,-0.46508427634374117,-0.46618317148792077,0,0,-0.30786719696643905,-0.5563385795422586,0,1,0,1,0,0,0,1,0,0,0,0,0
0.8295675466232271,0,-0.9234403828402311,-0.46508427634374117,-0.46618317148792077,0,0,-0.6905301569147303,-0.5563385795422586,0,1,0,1,0,0,1,0,0,0,0,0,0
0.8295675466232271,0,-0.3250827730941326,-0.46508427634374117,-0.46618317148792077,0,0,-0.7758471369930473,-0.5563385795422586,0,1,0,1,0,0,0,1,0,0,0,0,0
0.8295675466232271,0,-0.17549337065760798,-0.46508427634374117,-0.46618317148792077,0,0,-0.6905301569147303,-0.5563385795422586,0,1,0,1,0,0,0,1,0,0,0,0,1
0.8295675466232271,0,0.4976589403067529,-0.46508427634374117,-0.46618317148792077,0,0,-3.031319466504755,-0.5563385795422586,0,1,0,1,0,0,0,0,1,0,0,0,0
0.8295675466232271,1,0.1236854342154413,-0.46508427634374117,-0.46618317148792077,1,0,-0.7581120559162504,-0.5563385795422586,0,1,0,0,1,0,0,1,0,0,0,0,0
0.8295675466232271,1,0.1236854342154413,-0.46508427634374117,-0.46618317148792077,1,0,-0.8562284618489097,-0.5563385795422586,0,0,0,0,1,0,0,1,0,0,0,0,1
0.8295675466232271,0,-0.025903968221083335,-0.46508427634374117,-0.46618317148792077,0,0,-0.6063917566919798,-0.5563385795422586,0,1,0,1,0,0,0,1,0,0,0,0,0
-1.571457222465138,1,0.04889073299717898,-0.46508427634374117,-0.46618317148792077,0,0,1.7950335556567831,-0.5563385795422586,0,0,1,0,0,0,0,1,0,0,0,0,1
0.8295675466232271,0,-0.21289072126673914,-0.46508427634374117,-0.46618317148792077,1,0,-0.7581120559162504,-0.5563385795422586,0,1,0,1,0,0,0,1,0,0,0,0,0
-1.571457222465138,0,1.6195794585806875,-0.46508427634374117,0.7277823612437324,0,0,1.2340898656173416,0.07341192703021858,0,0,0,1,0,0,0,0,1,0,1,0,0
0.8295675466232271,1,-0.9234403828402311,-0.46508427634374117,-0.46618317148792077,1,0,-0.7948726538512316,-0.5563385795422586,1,0,1,0,0,0,1,0,0,0,0,0,1
0.8295675466232271,1,-0.9234403828402311,-0.46508427634374117,-0.46618317148792077,1,0,-0.7929011658750097,-0.5563385795422586,1,0,1,0,0,0,1,0,0,0,0,0,1
0.8295675466232271,1,-2.1201556023324284,-0.46508427634374117,1.9217478939753856,0,0,-0.1233025845730488,0.7031624336026958,0,0,1,0,0,0,0,0,0,0,1,0,1
0.8295675466232271,0,-0.5494668767489196,-0.46508427634374117,-0.46618317148792077,0,0,-0.78751357970953,-0.5563385795422586,0,1,0,1,0,0,0,1,0,0,0,0,0
0.8295675466232271,1,-0.9234403828402311,0.4783345406270387,0.7277823612437324,1,1,0.22039784856269226,0.7031624336026958,0,0,1,0,0,0,1,0,0,0,1,0,1
0.8295675466232271,0,-1.6713873950228544,3.3085909915393783,0.7277823612437324,0,0,0.4829364635715335,2.592413953320128,1,0,0,0,0,0,0,0,0,0,0,1,0
-1.571457222465138,0,0.7968377451798021,-0.46508427634374117,-0.46618317148792077,1,1,0.5289959181344117,-0.5563385795422586,0,1,0,1,0,0,0,0,1,0,0,0,1
0.8295675466232271,0,-0.21289072126673914,0.4783345406270387,-0.46618317148792077,1,0,-0.7929011658750097,0.07341192703021858,1,0,0,1,0,0,0,1,0,0,1,0,0
-1.571457222465138,1,0.27327483665196595,0.4783345406270387,-0.46618317148792077,0,1,1.0871384005683544,0.07341192703021858,0,1,0,0,1,0,0,1,0,0,1,0,1
0.8295675466232271,0,-1.6713873950228544,3.3085909915393783,0.7277823612437324,0,0,0.7931138366133468,2.592413953320128,0,1,0,0,0,0,0,0,0,0,0,1,0
0.8295675466232271,0,0.1984801354337036,-0.46508427634374117,-0.46618317148792077,0,0,-0.7929011658750097,-0.5563385795422586,1,0,0,1,0,0,0,1,0,0,0,0,0
-0.3709448379209555,0,1.5447847573624254,-0.46508427634374117,-0.46618317148792077,0,0,-0.30786719696643905,-0.5563385795422586,0,1,0,1,0,0,0,0,1,0,0,0,0
-0.3709448379209555,0,2.217937068326786,-0.46508427634374117,-0.46618317148792077,0,0,-0.2716536848503412,-0.5563385795422586,0,1,0,1,0,0,0,0,1,0,0,0,0
-1.571457222465138,0,-0.10069866943934565,0.4783345406270387,-0.46618317148792077,0,0,1.5309535821896767,0.07341192703021858,0,0,0,1,0,0,0,1,0,0,1,0,0
0.8295675466232271,0,-0.21289072126673914,-0.46508427634374117,-0.46618317148792077,1,0,-0.7581120559162504,-0.5563385795422586,0,1,0,1,0,0,0,1,0,0,0,0,0
-1.571457222465138,0,2.2927317695450484,-0.46508427634374117,-0.46618317148792077,0,0,1.1886063260501698,-0.5563385795422586,0,1,0,0,0,1,0,0,0,1,0,0,0
0.8295675466232271,1,-0.9234403828402311,-0.46508427634374117,-0.46618317148792077,0,0,-0.2056096719066538,-0.5563385795422586,0,0,1,0,0,0,1,0,0,0,0,0,0
-0.3709448379209555,0,0.23587748604283476,0.4783345406270387,-0.46618317148792077,0,0,-0.24617142228430502,0.07341192703021858,0,0,0,1,0,0,0,1,0,0,1,0,0
-1.571457222465138,1,-0.6242615779671818,-0.46508427634374117,-0.46618317148792077,0,1,1.4773149569517812,-0.5563385795422586,0,1,1,0,0,0,0,1,0,0,0,0,1
0.8295675466232271,0,-1.9705661998959036,3.3085909915393783,1.9217478939753856,0,0,0.5576694602413629,3.222164459892605,0,1,0,0,0,0,0,0,0,0,0,1,1
-0.3709448379209555,0,-0.7738509804037065,-0.46508427634374117,-0.46618317148792077,0,0,-0.5108681288878646,-0.5563385795422586,0,1,0,1,0,0,0,1,0,0,0,0,0
-0.3709448379209555,1,-0.3998774743123949,1.4217533575978185,3.1157134267070385,0,0,0.04723288444964477,2.592413953320128,0,1,0,0,1,0,0,1,0,0,0,1,1
-1.571457222465138,1,-0.8486456816219689,-0.46508427634374117,1.9217478939753856,0,1,1.1886063260501698,0.7031624336026958,0,1,1,0,0,0,0,1,0,0,1,0,1
-1.571457222465138,1,1.469990056144163,-0.46508427634374117,-0.46618317148792077,0,1,0.3672059900437445,-0.5563385795422586,0,1,0,0,0,1,0,0,1,0,0,0,1
0.8295675466232271,1,0.8716324463980645,-0.46508427634374117,1.9217478939753856,0,0,0.12095452616476264,0.7031624336026958,0,1,0,0,1,0,0,0,1,0,1,0,0
0.8295675466232271,0,0.04889073299717898,-0.46508427634374117,-0.46618317148792077,0,0,-0.6047491117062418,-0.5563385795422586,0,1,0,1,0,0,0,1,0,0,0,0,1
0.8295675466232271,0,2.217937068326786,-0.46508427634374117,-0.46618317148792077,0,0,-0.8536233379665082,-0.5563385795422586,0,1,0,1,0,0,0,0,1,0,0,0,0
0.8295675466232271,1,-1.8957714986776413,-0.46508427634374117,0.7277823612437324,0,0,-0.27759932215177935,0.07341192703021858,0,0,1,0,0,0,0,0,0,0,1,0,1
0.8295675466232271,1,0.1236854342154413,-0.46508427634374117,1.9217478939753856,1,0,-0.15433234074566016,0.7031624336026958,0,0,0,0,1,0,0,1,0,0,1,0,0
0.8295675466232271,0,1.6195794585806875,-0.46508427634374117,-0.46618317148792077,0,0,-0.7929011658750097,-0.5563385795422586,0,1,0,1,0,0,0,0,1,0,0,0,0
-0.3709448379209555,1,1.1708112512711137,0.4783345406270387,0.7277823612437324,0,0,0.37942701937126566,0.7031624336026958,0,1,0,0,1,0,0,0,1,0,1,0,1
0.8295675466232271,0,-0.8486456816219689,0.4783345406270387,0.7277823612437324,0,0,0.12095452616476264,0.7031624336026958,0,1,0,1,0,0,0,1,0,0,1,0,0
0.8295675466232271,1,-0.9234403828402311,7.082266259422497,1.9217478939753856,1,0,1.3611159704086282,5.741166486182514,0,1,1,0,0,0,1,0,0,0,0,1,0
0.8295675466232271,1,-0.9234403828402311,0.4783345406270387,-0.46618317148792077,1,0,-0.1383098656762799,0.07341192703021858,1,0,1,0,0,0,1,0,0,0,1,0,1
-0.3709448379209555,0,-0.10069866943934565,-0.46508427634374117,0.7277823612437324,0,0,0.6078112436175357,0.07341192703021858,0,1,0,0,0,1,0,1,0,0,1,0,0
0.8295675466232271,0,1.956155614062868,-0.46508427634374117,-0.46618317148792077,0,0,-0.7581120559162504,-0.5563385795422586,0,1,0,1,0,0,0,0,1,0,0,0,0
-1.571457222465138,0,-0.3998774743123949,-0.46508427634374117,0.7277823612437324,0,1,2.6605891995410036,0.07341192703021858,0,0,0,1,0,0,0,1,0,0,1,0,0
-1.571457222465138,0,0.7968377451798021,-0.46508427634374117,-0.46618317148792077,1,0,-3.031319466504755,-0.5563385795422586,0,1,0,1,0,0,0,0,1,0,0,0,0
0.8295675466232271,1,0.1236854342154413,0.4783345406270387,-0.46618317148792077,1,0,-0.1014495473972631,0.07341192703021858,0,1,0,0,1,0,0,1,0,0,1,0,1
0.8295675466232271,0,-0.21289072126673914,0.4783345406270387,1.9217478939753856,1,0,0.2675364237133205,1.3329129401751731,0,1,0,1,0,0,0,1,0,0,1,0,0
0.8295675466232271,0,-1.8957714986776413,7.082266259422497,1.9217478939753856,1,0,1.3611159704086282,5.741166486182514,0,1,0,0,0,0,0,0,0,0,0,1,0
-0.3709448379209555,1,-0.025903968221083335,0.4783345406270387,-0.46618317148792077,0,0,0.36991562301720593,0.07341192703021858,0,1,0,0,1,0,0,1,0,0,1,0,1
-1.571457222465138,1,2.1431423671085237,-0.46508427634374117,0.7277823612437324,0,1,2.169805489824371,0.07341192703021858,0,1,0,0,1,0,0,0,1,0,1,0,1
0.8295675466232271,1,-0.25028807187587027,-0.46508427634374117,-0.46618317148792077,0,0,-0.7724652664167495,-0.5563385795422586,0,1,1,0,0,0,0,1,0,0,0,0,1
-1.571457222465138,1,1.0960165500528514,-0.46508427634374117,0.7277823612437324,0,1,1.1762504788371821,0.07341192703021858,0,0,0,0,1,0,0,0,1,0,1,0,1
0.8295675466232271,0,-0.21289072126673914,-0.46508427634374117,-0.46618317148792077,1,0,-0.8567552954513431,-0.5563385795422586,0,0,0,1,0,0,0,1,0,0,0,0,0
0.8295675466232271,0,0.1984801354337036,-0.46508427634374117,-0.46618317148792077,0,0,-0.7230788480071483,-0.5563385795422586,0,1,0,1,0,0,0,1,0,0,0,0,0
-0.3709448379209555,0,-0.25028807187587027,-0.46508427634374117,-0.46618317148792077,0,0,-0.5108681288878646,-0.5563385795422586,0,1,0,1,0,0,0,1,0,0,0,0,0
0.8295675466232271,0,-0.9982350840584935,-0.46508427634374117,-0.46618317148792077,0,0,-0.7581120559162504,-0.5563385795422586,0,1,0,1,0,0,1,0,0,0,0,0,0
0.8295675466232271,0,-0.7738509804037065,-0.46508427634374117,-0.46618317148792077,0,0,-0.7899568580314144,-0.5563385795422586,0,1,0,1,0,0,0,1,0,0,0,0,0
0.8295675466232271,0,-0.21289072126673914,-0.46508427634374117,-0.46618317148792077,1,0,-0.7758471369930473,-0.5563385795422586,0,1,0,1,0,0,0,1,0,0,0,0,0
0.8295675466232271,0,1.3951953549259006,-0.46508427634374117,-0.46618317148792077,0,0,-0.7806843666591833,-0.5563385795422586,0,1,0,1,0,0,0,0,1,0,0,0,0
0.8295675466232271,0,-0.21289072126673914,-0.46508427634374117,-0.46618317148792077,1,0,-0.7929011658750097,-0.5563385795422586,1,0,0,1,0,0,0,1,0,0,0,0,0
0.8295675466232271,0,-1.5217979925863296,4.252009808510158,1.9217478939753856,0,0,0.9615272531783765,3.851914966465082,0,1,0,0,0,0,0,0,0,0,0,1,0
-1.571457222465138,1,0.4228642390884906,0.4783345406270387,-0.46618317148792077,0,1,1.547010464309197,0.07341192703021858,0,1,0,0,1,0,0,0,1,0,1,0,1
0.8295675466232271,0,-1.2974138889315427,0.4783345406270387,-0.46618317148792077,0,0,-0.4463682721336394,0.07341192703021858,0,0,0,0,0,0,1,0,0,0,1,0,1
0.8295675466232271,1,0.1236854342154413,-0.46508427634374117,-0.46618317148792077,0,0,-0.7806843666591833,-0.5563385795422586,0,1,1,0,0,0,0,1,0,0,0,0,0
-0.3709448379209555,1,-0.17549337065760798,0.4783345406270387,-0.46618317148792077,0,0,-0.24646309092480595,0.07341192703021858,0,0,1,0,0,0,0,1,0,0,1,0,1
-1.571457222465138,1,1.021221848834589,-0.46508427634374117,0.7277823612437324,0,1,2.49820773250547,0.07341192703021858,0,1,0,0,1,0,0,0,1,0,1,0,1
0.8295675466232271,1,0.08628808360631014,-0.46508427634374117,-0.46618317148792077,0,0,-0.7581120559162504,-0.5563385795422586,1,0,1,0,0,0,0,1,0,0,0,0,0
0.8295675466232271,0,0.34806953787022826,-0.46508427634374117,-0.46618317148792077,0,0,-0.7581120559162504,-0.5563385795422586,0,1,0,1,0,0,0,1,0,0,0,0,0
-0.3709448379209555,0,0.08628808360631014,-0.46508427634374117,-0.46618317148792077,1,0,-3.031319466504755,-0.5563385795422586,0,1,0,1,0,0,0,1,0,0,0,0,0
-0.3709448379209555,0,-0.4746721755306572,-0.46508427634374117,-0.46618317148792077,0,0,-0.30786719696643905,-0.5563385795422586,0,1,0,1,0,0,0,1,0,0,0,0,0
0.8295675466232271,1,-0.3998774743123949,-0.46508427634374117,1.9217478939753856,0,1,-0.06586053103344817,0.7031624336026958,0,1,0,0,1,0,0,1,0,0,1,0,1
-0.3709448379209555,0,0.7220430439615398,-0.46508427634374117,-0.46618317148792077,0,0,0.36991562301720593,-0.5563385795422586,0,1,0,1,0,0,0,0,1,0,0,0,0
-0.3709448379209555,1,-0.3998774743123949,-0.46508427634374117,-0.46618317148792077,0,1,-0.30786719696643905,-0.5563385795422586,0,1,1,0,0,0,0,1,0,0,0,0,1
0.8295675466232271,0,-0.21289072126673914,-0.46508427634374117,-0.46618317148792077,1,0,-0.7836023006727081,-0.5563385795422586,1,0,0,1,0,0,0,1,0,0,0,0,0
0.8295675466232271,1,-2.1388542776369937,1.4217533575978185,0.7277823612437324,0,0,0.07345660568227269,1.3329129401751731,0,0,1,0,0,0,0,0,0,0,1,0,1
-0.3709448379209555,0,0.08628808360631014,-0.46508427634374117,-0.46618317148792077,1,0,-0.30786719696643905,-0.5563385795422586,0,1,0,1,0,0,0,1,0,0,0,0,0
0.8295675466232271,0,-0.4746721755306572,-0.46508427634374117,-0.46618317148792077,0,0,-0.6321373806631648,-0.5563385795422586,0,1,0,1,0,0,0,1,0,0,0,0,0
-0.3709448379209555,1,0.27327483665196595,0.4783345406270387,-0.46618317148792077,1,0,0.36991562301720593,0.07341192703021858,0,1,0,0,1,0,0,1,0,0,1,0,1
0.8295675466232271,0,-0.21289072126673914,-0.46508427634374117,-0.46618317148792077,1,0,-0.7125729756617029,-0.5563385795422586,1,0,0,1,0,0,0,1,0,0,0,0,0
0.8295675466232271,0,-0.5494668767489196,-0.46508427634374117,-0.46618317148792077,0,0,-0.7581120559162504,-0.5563385795422586,0,1,0,1,0,0,0,1,0,0,0,0,0
-0.3709448379209555,0,-2.082758251723297,-0.46508427634374117,1.9217478939753856,1,0,0.4786454835882407,0.7031624336026958,0,1,0,0,0,0,0,0,0,0,1,0,1
0.8295675466232271,1,-0.9234403828402311,-0.46508427634374117,-0.46618317148792077,1,0,-0.8167630196874914,-0.5563385795422586,0,1,1,0,0,0,1,0,0,0,0,0,0
-0.3709448379209555,0,1.69437415979895,-0.46508427634374117,-0.46618317148792077,0,0,-0.2716536848503412,-0.5563385795422586,0,1,0,1,0,0,0,0,1,0,0,0,0
0.8295675466232271,0,-0.9234403828402311,0.4783345406270387,-0.46618317148792077,0,0,-0.8784109683717057,0.07341192703021858,0,1,0,1,0,0,1,0,0,0,1,0,0
-1.571457222465138,0,1.469990056144163,0.4783345406270387,-0.46618317148792077,0,1,1.6135846248882584,0.07341192703021858,0,0,0,1,0,0,0,0,1,0,1,0,1
0.8295675466232271,0,1.0960165500528514,-0.46508427634374117,-0.46618317148792077,0,0,-0.7724652664167495,-0.5563385795422586,0,1,0,1,0,0,0,0,1,0,0,0,1
0.8295675466232271,0,-1.7461820962411165,-0.46508427634374117,0.7277823612437324,0,1,-0.34731069356332783,0.07341192703021858,0,1,0,0,0,0,0,0,0,0,1,0,1
-1.571457222465138,0,2.591910574418098,-0.46508427634374117,-0.46618317148792077,0,0,0.36991562301720593,-0.5563385795422586,0,1,0,1,0,0,0,0,0,1,0,0,0
0.8295675466232271,1,-0.8486456816219689,-0.46508427634374117,-0.46618317148792077,0,0,-0.7899568580314144,-0.5563385795422586,0,1,1,0,0,0,0,1,0,0,0,0,0
0.8295675466232271,0,-0.7738509804037065,-0.46508427634374117,-0.46618317148792077,0,0,-0.20282957360471018,-0.5563385795422586,0,1,0,1,0,0,0,1,0,0,0,0,0
0.8295675466232271,0,-0.25028807187587027,0.4783345406270387,1.9217478939753856,0,0,0.13844100751685687,1.3329129401751731,0,1,0,1,0,0,0,1,0,0,1,0,0
-0.3709448379209555,0,1.021221848834589,0.4783345406270387,0.7277823612437324,0,0,0.37942701937126566,0.7031624336026958,0,1,0,1,0,0,0,0,1,0,1,0,0
0.8295675466232271,0,-0.21289072126673914,-0.46508427634374117,-0.46618317148792077,1,0,0.2966668029585505,-0.5563385795422586,1,0,0,1,0,0,0,1,0,0,0,0,0
0.8295675466232271,1,-0.4746721755306572,-0.46508427634374117,-0.46618317148792077,0,0,-0.7724652664167495,-0.5563385795422586,0,1,1,0,0,0,0,1,0,0,0,0,0
0.8295675466232271,0,-0.9982350840584935,3.3085909915393783,0.7277823612437324,0,0,0.7931138366133468,2.592413953320128,0,1,0,1,0,0,1,0,0,0,0,1,0
-1.571457222465138,1,0.4976589403067529,-0.46508427634374117,1.9217478939753856,0,1,1.382111010047237,0.7031624336026958,0,1,1,0,0,0,0,0,1,0,1,0,1
-1.571457222465138,1,-0.5494668767489196,-0.46508427634374117,0.7277823612437324,0,1,1.122759747614018,0.07341192703021858,0,1,1,0,0,0,0,1,0,0,1,0,1
0.8295675466232271,0,-0.21289072126673914,-0.46508427634374117,-0.46618317148792077,1,0,-0.7758471369930473,-0.5563385795422586,0,1,0,1,0,0,0,1,0,0,0,0,0
0.8295675466232271,1,-0.9234403828402311,-0.46508427634374117,-0.46618317148792077,1,0,-0.7777746598832023,-0.5563385795422586,1,0,1,0,0,0,1,0,0,0,0,0,1
0.8295675466232271,0,1.3204006537076383,-0.46508427634374117,-0.46618317148792077,0,0,-0.6550995462524127,-0.5563385795422586,0,1,0,1,0,0,0,0,1,0,0,0,0
-0.3709448379209555,1,0.7968377451798021,-0.46508427634374117,-0.46618317148792077,0,0,-0.12279108903664261,-0.5563385795422586,0,1,0,0,1,0,0,0,1,0,0,0,1
0.8295675466232271,1,-0.9234403828402311,0.4783345406270387,-0.46618317148792077,1,0,-0.5732912725184947,0.07341192703021858,0,1,1,0,0,0,1,0,0,0,1,0,0
-0.3709448379209555,1,0.4976589403067529,0.4783345406270387,-0.46618317148792077,0,0,0.36991562301720593,0.07341192703021858,0,1,0,0,1,0,0,0,1,0,1,0,1
0.8295675466232271,0,-0.8486456816219689,0.4783345406270387,0.7277823612437324,0,0,-0.7806843666591833,0.7031624336026958,0,1,0,1,0,0,0,1,0,0,1,0,0
-0.3709448379209555,0,-0.8486456816219689,-0.46508427634374117,-0.46618317148792077,0,0,-0.4248200428707556,-0.5563385795422586,0,1,0,1,0,0,0,1,0,0,0,0,0
0.8295675466232271,0,0.1984801354337036,-0.46508427634374117,-0.46618317148792077,0,0,1.1499629369709317,-0.5563385795422586,0,1,0,1,0,0,0,1,0,0,0,0,1
0.8295675466232271,0,0.27327483665196595,-0.46508427634374117,-0.46618317148792077,0,0,-0.7758471369930473,-0.5563385795422586,0,0,0,1,0,0,0,1,0,0,0,0,0
-1.571457222465138,0,0.4228642390884906,-0.46508427634374117,-0.46618317148792077,0,0,0.39072617457584324,-0.5563385795422586,0,0,0,1,0,0,0,0,1,0,0,0,1
-1.571457222465138,0,2.591910574418098,0.4783345406270387,4.309678959438692,0,1,2.722944023484633,2.592413953320128,0,1,0,1,0,0,0,0,0,1,0,1,0
-1.571457222465138,0,1.69437415979895,0.4783345406270387,0.7277823612437324,0,1,1.4991918216283444,0.7031624336026958,0,1,0,1,0,0,0,0,1,0,1,0,0
0.8295675466232271,1,-0.3998774743123949,-0.46508427634374117,3.1157134267070385,0,0,0.07345660568227269,1.3329129401751731,0,0,0,0,1,0,0,1,0,0,1,0,1
0.8295675466232271,0,2.367526470763311,-0.46508427634374117,-0.46618317148792077,0,0,-0.9887479672445186,-0.5563385795422586,0,1,0,1,0,0,0,0,0,1,0,0,0
-0.3709448379209555,0,-0.3998774743123949,-0.46508427634374117,-0.46618317148792077,0,0,-0.5108681288878646,-0.5563385795422586,0,1,0,1,0,0,0,1,0,0,0,0,0
0.8295675466232271,0,1.021221848834589,-0.46508427634374117,-0.46618317148792077,0,0,-0.7581120559162504,-0.5563385795422586,0,1,0,1,0,0,0,0,1,0,0,0,0
-0.3709448379209555,1,0.34806953787022826,-0.46508427634374117,-0.46618317148792077,0,1,-0.5108681288878646,-0.5563385795422586,0,1,0,0,1,0,0,1,0,0,0,0,1
0.8295675466232271,1,2.5171158731998355,-0.46508427634374117,-0.46618317148792077,0,0,-0.5961849198235943,-0.5563385795422586,0,1,0,0,1,0,0,0,0,1,0,0,1
-1.571457222465138,1,-0.3998774743123949,-0.46508427634374117,-0.46618317148792077,0,1,1.3574525686234895,-0.5563385795422586,0,0,1,0,0,0,0,1,0,0,0,0,1
-1.571457222465138,1,0.6472483427432775,0.4783345406270387,-0.46618317148792077,0,1,1.386163593857493,0.07341192703021858,0,0,0,0,1,0,0,0,1,0,1,0,1
0.8295675466232271,0,-0.6242615779671818,-0.46508427634374117,-0.46618317148792077,0,0,-0.8536233379665082,-0.5563385795422586,0,1,0,1,0,0,0,1,0,0,0,0,0
-1.571457222465138,1,1.1708112512711137,0.4783345406270387,0.7277823612437324,0,0,2.2433165727760085,0.7031624336026958,0,1,0,0,1,0,0,0,1,0,1,0,1
0.8295675466232271,0,-0.9982350840584935,0.4783345406270387,3.1157134267070385,0,0,0.6487238849218628,1.9626634467476503,0,1,0,1,0,0,1,0,0,0,0,1,0
0.8295675466232271,0,-0.6990562791854442,0.4783345406270387,-0.46618317148792077,0,0,-0.7724652664167495,0.07341192703021858,0,1,0,1,0,0,0,1,0,0,1,0,1
-0.3709448379209555,0,0.08628808360631014,-0.46508427634374117,-0.46618317148792077,1,0,-0.16684567083412616,-0.5563385795422586,0,0,0,1,0,0,0,1,0,0,0,0,0
0.8295675466232271,1,0.8716324463980645,-0.46508427634374117,5.503644492170345,0,0,0.7931138366133468,2.592413953320128,0,1,0,0,1,0,0,0,1,0,0,1,0
-0.3709448379209555,0,0.04889073299717898,-0.46508427634374117,-0.46618317148792077,0,0,-0.30786719696643905,-0.5563385795422586,0,1,0,1,0,0,0,1,0,0,0,0,0
0.8295675466232271,0,-0.025903968221083335,-0.46508427634374117,-0.46618317148792077,0,0,-0.7581120559162504,-0.5563385795422586,0,1,0,1,0,0,0,1,0,0,0,0,0
0.8295675466232271,1,-1.9705661998959036,2.3651721745685985,0.7277823612437324,0,0,0.1620841767840696,1.9626634467476503,0,1,1,0,0,0,0,0,0,0,0,1,0
-0.3709448379209555,0,-1.9705661998959036,0.4783345406270387,0.7277823612437324,0,1,0.36991562301720593,0.7031624336026958,0,1,0,0,0,0,0,0,0,0,1,0,1
-0.3709448379209555,0,1.8439635622354746,0.4783345406270387,-0.46618317148792077,0,0,0.36991562301720593,0.07341192703021858,0,1,0,0,0,1,0,0,1,0,1,0,0
0.8295675466232271,0,-0.10069866943934565,1.4217533575978185,-0.46618317148792077,0,0,-0.7724652664167495,0.7031624336026958,0,1,0,1,0,0,0,1,0,0,1,0,0
0.8295675466232271,0,0.4976589403067529,-0.46508427634374117,-0.46618317148792077,0,0,-0.8233257461181566,-0.5563385795422586,0,1,0,1,0,0,0,0,1,0,0,0,0
-1.571457222465138,0,1.3951953549259006,-0.46508427634374117,-0.46618317148792077,0,1,0.39072617457584324,-0.5563385795422586,0,1,0,1,0,0,0,0,1,0,0,0,1
0.8295675466232271,1,0.1236854342154413,-0.46508427634374117,-0.46618317148792077,0,0,-0.6883110524462079,-0.5563385795422586,0,1,0,0,1,0,0,1,0,0,0,0,1
0.8295675466232271,0,-0.25028807187587027,-0.46508427634374117,-0.46618317148792077,0,0,-0.7758471369930473,-0.5563385795422586,0,1,0,1,0,0,0,1,0,0,0,0,0
0.8295675466232271,0,-1.8957714986776413,2.3651721745685985,0.7277823612437324,1,0,0.3493281261467653,1.9626634467476503,0,1,0,0,0,0,0,0,0,0,0,1,0
0.8295675466232271,0,-2.1635365290390203,-0.46508427634374117,0.7277823612437324,0,0,-0.706220640955458,0.07341192703021858,0,0,0,0,0,0,0,0,0,0,1,0,1
0.8295675466232271,1,-0.3250827730941326,-0.46508427634374117,-0.46618317148792077,0,0,-0.7581120559162504,-0.5563385795422586,0,1,1,0,0,0,0,1,0,0,0,0,0
-1.571457222465138,0,0.7968377451798021,-0.46508427634374117,-0.46618317148792077,1,1,1.0659392028510697,-0.5563385795422586,0,1,0,1,0,0,0,0,1,0,0,0,0
0.8295675466232271,0,0.6472483427432775,-0.46508427634374117,-0.46618317148792077,0,0,-0.6905301569147303,-0.5563385795422586,0,1,0,1,0,0,0,0,1,0,0,0,0
0.8295675466232271,0,-0.21289072126673914,-0.46508427634374117,-0.46618317148792077,1,0,-0.7581120559162504,-0.5563385795422586,0,1,0,1,0,0,0,1,0,0,0,0,0
0.8295675466232271,0,-1.8957714986776413,0.4783345406270387,0.7277823612437324,1,0,-0.15433234074566016,0.7031624336026958,0,0,0,0,0,0,0,0,0,0,1,0,1
0.8295675466232271,0,-1.0730297852767559,0.4783345406270387,0.7277823612437324,0,0,-0.8562284618489097,0.7031624336026958,0,0,0,1,0,0,1,0,0,0,1,0,0
-0.3709448379209555,0,0.4228642390884906,-0.46508427634374117,-0.46618317148792077,0,0,0.36991562301720593,-0.5563385795422586,0,1,0,1,0,0,0,0,1,0,0,0,0
0.8295675466232271,0,-0.21289072126673914,-0.46508427634374117,-0.46618317148792077,1,0,-0.7899568580314144,-0.5563385795422586,0,1,0,1,0,0,0,1,0,0,0,0,0
-1.571457222465138,0,-0.3998774743123949,-0.46508427634374117,-0.46618317148792077,0,1,1.4934175990459937,-0.5563385795422586,0,0,0,1,0,0,0,1,0,0,0,0,0
-1.571457222465138,0,0.4976589403067529,-0.46508427634374117,-0.46618317148792077,0,1,0.8041511525107707,-0.5563385795422586,0,0,0,1,0,0,0,0,1,0,0,0,0
0.8295675466232271,1,-0.9234403828402311,-0.46508427634374117,-0.46618317148792077,1,0,-0.7899568580314144,-0.5563385795422586,0,1,1,0,0,0,1,0,0,0,0,0,1
-1.571457222465138,0,1.5447847573624254,1.4217533575978185,-0.46618317148792077,0,0,2.028143095102859,0.7031624336026958,0,1,0,0,0,1,0,0,1,0,1,0,1
0.8295675466232271,0,-0.21289072126673914,-0.46508427634374117,-0.46618317148792077,1,0,-0.7581120559162504,-0.5563385795422586,1,0,0,1,0,0,0,1,0,0,0,0,0
0.8295675466232271,0,1.208208601880245,-0.46508427634374117,-0.46618317148792077,0,0,-0.8567552954513431,-0.5563385795422586,0,0,0,1,0,0,0,0,1,0,0,0,0
0.8295675466232271,0,0.27327483665196595,-0.46508427634374117,-0.46618317148792077,0,0,-0.7899568580314144,-0.5563385795422586,0,1,0,1,0,0,0,1,0,0,0,0,0
0.8295675466232271,0,-0.7738509804037065,-0.46508427634374117,-0.46618317148792077,0,0,-0.7758471369930473,-0.5563385795422586,0,1,0,1,0,0,0,1,0,0,0,0,0
-0.3709448379209555,0,-0.8486456816219689,-0.46508427634374117,-0.46618317148792077,0,0,-0.30786719696643905,-0.5563385795422586,0,1,0,1,0,0,0,1,0,0,0,0,0
0.8295675466232271,1,-0.9982350840584935,-0.46508427634374117,-0.46618317148792077,0,0,-0.7929011658750097,-0.5563385795422586,1,0,1,0,0,0,1,0,0,0,0,0,1
-1.571457222465138,0,0.7968377451798021,-0.46508427634374117,-0.46618317148792077,1,1,0.5124838986855181,-0.5563385795422586,0,1,0,1,0,0,0,0,1,0,0,0,1
-1.571457222465138,0,0.7968377451798021,-0.46508427634374117,-0.46618317148792077,1,1,0.5024483654758424,-0.5563385795422586,0,0,0,1,0,0,0,0,1,0,0,0,1
-1.571457222465138,0,1.3951953549259006,0.4783345406270387,-0.46618317148792077,0,1,1.4611243654780797,0.07341192703021858,0,0,0,1,0,0,0,0,1,0,1,0,1
0.8295675466232271,0,-0.5494668767489196,-0.46508427634374117,-0.46618317148792077,0,0,-0.7758471369930473,-0.5563385795422586,0,1,0,1,0,0,0,1,0,0,0,0,0
-1.571457222465138,0,-0.025903968221083335,-0.46508427634374117,-0.46618317148792077,0,1,0.5124838986855181,-0.5563385795422586,0,1,0,1,0,0,0,1,0,0,0,0,0
-1.571457222465138,0,0.7968377451798021,-0.46508427634374117,-0.46618317148792077,1,0,0.3670450253410755,-0.5563385795422586,0,1,0,1,0,0,0,0,1,0,0,0,0
-1.571457222465138,0,0.6472483427432775,-0.46508427634374117,0.7277823612437324,0,1,2.169805489824371,0.07341192703021858,0,1,0,1,0,0,0,0,1,0,1,0,0
0.8295675466232271,0,1.0960165500528514,-0.46508427634374117,-0.46618317148792077,0,0,-0.7581120559162504,-0.5563385795422586,0,1,0,1,0,0,0,0,1,0,0,0,0
-0.3709448379209555,0,-1.9705661998959036,0.4783345406270387,0.7277823612437324,0,0,0.04723288444964477,0.7031624336026958,0,1,0,0,0,0,0,0,0,0,1,0,1
-1.571457222465138,1,-0.8486456816219689,0.4783345406270387,-0.46618317148792077,0,1,2.5740258238454325,0.07341192703021858,0,1,0,0,1,0,0,1,0,0,1,0,1
-1.571457222465138,0,-0.8486456816219689,0.4783345406270387,-0.46618317148792077,0,1,1.8185399074210062,0.07341192703021858,0,0,0,1,0,0,0,1,0,0,1,0,0
0.8295675466232271,0,-0.21289072126673914,0.4783345406270387,-0.46618317148792077,1,0,0.2966668029585505,0.07341192703021858,1,0,0,1,0,0,0,1,0,0,1,0,0
0.8295675466232271,0,-2.045360901114166,2.3651721745685985,0.7277823612437324,0,0,0.1620841767840696,1.9626634467476503,0,1,0,0,0,0,0,0,0,0,0,1,0
-1.571457222465138,0,0.4228642390884906,-0.46508427634374117,-0.46618317148792077,0,1,3.4091774272469433,-0.5563385795422586,0,0,0,1,0,0,0,0,1,0,0,0,1
0.8295675466232271,0,3.339857586600721,-0.46508427634374117,-0.46618317148792077,0,0,-0.7899568580314144,-0.5563385795422586,0,1,0,1,0,0,0,0,0,1,0,0,0
-0.3709448379209555,0,0.1236854342154413,-0.46508427634374117,-0.46618317148792077,0,0,-0.30786719696643905,-0.5563385795422586,0,1,0,1,0,0,0,1,0,0,0,0,1
0.8295675466232271,0,-0.21289072126673914,-0.46508427634374117,-0.46618317148792077,1,0,-0.1014495473972631,-0.5563385795422586,0,1,0,1,0,0,0,1,0,0,0,0,0
-1.571457222465138,0,1.9935529646719992,-0.46508427634374117,-0.46618317148792077,0,1,0.5353907156925347,-0.5563385795422586,0,0,0,1,0,0,0,0,1,0,0,0,0
0.8295675466232271,0,-0.25028807187587027,0.4783345406270387,-0.46618317148792077,0,0,-0.7806843666591833,0.07341192703021858,0,1,0,1,0,0,0,1,0,0,1,0,0
0.8295675466232271,0,0.1984801354337036,-0.46508427634374117,-0.46618317148792077,0,0,-0.7806843666591833,-0.5563385795422586,0,1,0,1,0,0,0,1,0,0,0,0,1
0.8295675466232271,0,-0.21289072126673914,-0.46508427634374117,-0.46618317148792077,1,0,-0.8562284618489097,-0.5563385795422586,0,1,0,1,0,0,0,1,0,0,0,0,1
-1.571457222465138,0,0.7968377451798021,-0.46508427634374117,-0.46618317148792077,0,1,0.5452478949463863,-0.5563385795422586,0,0,0,1,0,0,0,0,1,0,0,0,1
-1.571457222465138,0,-0.17549337065760798,-0.46508427634374117,-0.46618317148792077,0,1,1.1886063260501698,-0.5563385795422586,0,0,0,1,0,0,0,1,0,0,0,0,1
0.8295675466232271,0,-0.21289072126673914,-0.46508427634374117,-0.46618317148792077,1,0,-0.1383098656762799,-0.5563385795422586,1,0,0,1,0,0,0,1,0,0,0,0,0
0.8295675466232271,0,0.6472483427432775,-0.46508427634374117,-0.46618317148792077,0,0,-0.7758471369930473,-0.5563385795422586,0,1,0,1,0,0,0,0,1,0,0,0,0
0.8295675466232271,0,-2.1201556023324284,3.3085909915393783,0.7277823612437324,0,0,0.7931138366133468,2.592413953320128,0,1,0,0,0,0,0,0,0,0,0,1,0
-0.3709448379209555,0,0.08628808360631014,-0.46508427634374117,-0.46618317148792077,1,0,-3.031319466504755,-0.5563385795422586,0,1,0,1,0,0,0,1,0,0,0,0,0
0.8295675466232271,0,-0.21289072126673914,-0.46508427634374117,-0.46618317148792077,1,0,-0.7953572482442771,-0.5563385795422586,1,0,0,1,0,0,0,1,0,0,0,0,0
-0.3709448379209555,0,-2.1448378537344546,0.4783345406270387,0.7277823612437324,0,0,-0.20282957360471018,0.7031624336026958,0,1,0,0,0,0,0,0,0,0,1,0,1
0.8295675466232271,0,-0.21289072126673914,0.4783345406270387,-0.46618317148792077,1,0,-0.1383098656762799,0.07341192703021858,1,0,0,1,0,0,0,1,0,0,1,0,0
0.8295675466232271,1,-2.045360901114166,-0.46508427634374117,0.7277823612437324,0,0,-0.3617711711611734,0.07341192703021858,0,1,1,0,0,0,0,0,0,0,1,0,1
0.8295675466232271,1,-0.8486456816219689,-0.46508427634374117,-0.46618317148792077,0,0,-0.5717004390238969,-0.5563385795422586,0,1,1,0,0,0,0,1,0,0,0,0,1
-1.571457222465138,1,1.6195794585806875,0.4783345406270387,-0.46618317148792077,0,1,1.4773149569517812,0.07341192703021858,0,1,0,0,1,0,0,0,1,0,1,0,1
-0.3709448379209555,0,-0.025903968221083335,0.4783345406270387,-0.46618317148792077,0,0,0.4336761822375622,0.07341192703021858,0,0,0,1,0,0,0,1,0,0,1,0,0
0.8295675466232271,0,-0.21289072126673914,-0.46508427634374117,-0.46618317148792077,1,0,-3.031319466504755,-0.5563385795422586,0,1,0,1,0,0,0,1,0,0,0,0,0
0.8295675466232271,0,-0.3998774743123949,-0.46508427634374117,-0.46618317148792077,0,0,-0.6047491117062418,-0.5563385795422586,0,1,0,1,0,0,0,1,0,0,0,0,0
0.8295675466232271,1,0.1236854342154413,0.4783345406270387,0.7277823612437324,0,0,0.13604662315002225,0.7031624336026958,0,1,0,0,1,0,0,1,0,0,1,0,1
0.8295675466232271,1,1.1708112512711137,-0.46508427634374117,-0.46618317148792077,0,0,-0.7929011658750097,-0.5563385795422586,0,1,1,0,0,0,0,0,1,0,0,0,0
0.8295675466232271,0,0.1984801354337036,-0.46508427634374117,-0.46618317148792077,0,0,-0.7724652664167495,-0.5563385795422586,0,1,0,1,0,0,0,1,0,0,0,0,0
0.8295675466232271,1,-0.8486456816219689,-0.46508427634374117,0.7277823612437324,0,0,-0.20588341972655477,0.07341192703021858,0,0,1,0,0,0,0,1,0,0,1,0,0
-0.3709448379209555,1,1.0960165500528514,0.4783345406270387,-0.46618317148792077,0,0,0.36991562301720593,0.07341192703021858,0,1,0,0,1,0,0,0,1,0,1,0,0
-1.571457222465138,1,1.3204006537076383,0.4783345406270387,0.7277823612437324,0,1,1.0766741720852302,0.7031624336026958,0,1,0,0,1,0,0,0,1,0,1,0,1
-0.3709448379209555,0,0.535056290915884,-0.46508427634374117,1.9217478939753856,0,1,0.36991562301720593,0.7031624336026958,0,1,0,1,0,0,0,0,1,0,1,0,0
-0.3709448379209555,0,0.04889073299717898,-0.46508427634374117,-0.46618317148792077,0,0,-0.30786719696643905,-0.5563385795422586,0,1,0,1,0,0,0,1,0,0,0,0,0
-0.3709448379209555,1,-0.17549337065760798,-0.46508427634374117,-0.46618317148792077,0,1,-0.24617142228430502,-0.5563385795422586,0,1,1,0,0,0,0,1,0,0,0,0,1
0.8295675466232271,0,-0.025903968221083335,-0.46508427634374117,-0.46618317148792077,0,0,-0.6047491117062418,-0.5563385795422586,0,1,0,1,0,0,0,1,0,0,0,0,1
-1.571457222465138,0,3.115473482945934,-0.46508427634374117,-0.46618317148792077,0,0,1.0161612605789851,-0.5563385795422586,0,0,0,1,0,0,0,0,0,1,0,0,0
-1.571457222465138,1,1.69437415979895,0.4783345406270387,0.7277823612437324,0,1,1.6627409479750657,0.7031624336026958,0,1,0,0,1,0,0,0,1,0,1,0,1
0.8295675466232271,1,1.021221848834589,0.4783345406270387,6.697610024901998,0,0,0.9615272531783765,3.851914966465082,0,1,0,0,1,0,0,0,1,0,0,1,0
0.8295675466232271,0,-0.5494668767489196,-0.46508427634374117,-0.46618317148792077,0,0,-0.7758471369930473,-0.5563385795422586,0,1,0,1,0,0,0,1,0,0,0,0,0
0.8295675466232271,1,-0.9234403828402311,1.4217533575978185,-0.46618317148792077,1,0,-0.7581120559162504,0.7031624336026958,1,0,1,0,0,0,1,0,0,0,1,0,1
-1.571457222465138,1,0.8716324463980645,-0.46508427634374117,0.7277823612437324,1,1,1.122759747614018,0.07341192703021858,0,1,0,0,1,0,0,0,1,0,1,0,1
0.8295675466232271,0,-0.25028807187587027,-0.46508427634374117,-0.46618317148792077,0,0,-0.7758471369930473,-0.5563385795422586,0,1,0,1,0,0,0,1,0,0,0,0,0
0.8295675466232271,1,-0.9234403828402311,0.4783345406270387,-0.46618317148792077,1,0,-0.7724652664167495,0.07341192703021858,0,1,1,0,0,0,1,0,0,0,1,0,0
-1.571457222465138,0,0.7968377451798021,-0.46508427634374117,-0.46618317148792077,1,1,-3.031319466504755,-0.5563385795422586,0,1,0,1,0,0,0,0,1,0,0,0,0
-1.571457222465138,1,0.1236854342154413,-0.46508427634374117,1.9217478939753856,0,1,2.2433165727760085,0.7031624336026958,0,1,1,0,0,0,0,1,0,0,1,0,1
0.8295675466232271,0,1.1708112512711137,-0.46508427634374117,-0.46618317148792077,0,0,-0.7581120559162504,-0.5563385795422586,0,1,0,1,0,0,0,0,1,0,0,0,1
0.8295675466232271,0,-0.5494668767489196,-0.46508427634374117,-0.46618317148792077,0,0,-0.8536233379665082,-0.5563385795422586,0,1,0,1,0,0,0,1,0,0,0,0,0
-1.571457222465138,1,1.469990056144163,0.4783345406270387,-0.46618317148792077,0,1,1.4611243654780797,0.07341192703021858,0,0,0,0,1,0,0,0,1,0,1,0,1
-0.3709448379209555,1,-0.5494668767489196,0.4783345406270387,1.9217478939753856,0,0,0.8400120809135235,1.3329129401751731,0,0,0,0,1,0,0,1,0,0,1,0,1
0.8295675466232271,1,-1.8957714986776413,-0.46508427634374117,1.9217478939753856,0,0,0.20556645073603969,0.7031624336026958,0,1,1,0,0,0,0,0,0,0,1,0,1
0.8295675466232271,1,-0.025903968221083335,-0.46508427634374117,1.9217478939753856,0,0,-0.15433234074566016,0.7031624336026958,0,0,0,0,1,0,0,1,0,0,1,0,1
-0.3709448379209555,0,0.34806953787022826,-0.46508427634374117,-0.46618317148792077,0,0,-0.30786719696643905,-0.5563385795422586,0,1,0,1,0,0,0,1,0,0,0,0,0
-1.571457222465138,1,1.3951953549259006,-0.46508427634374117,-0.46618317148792077,0,1,0.3672059900437445,-0.5563385795422586,0,1,0,0,1,0,0,0,1,0,0,0,1
-0.3709448379209555,1,-0.17549337065760798,0.4783345406270387,-0.46618317148792077,0,0,0.1585720490635233,0.07341192703021858,0,1,0,0,1,0,0,1,0,0,1,0,0
-1.571457222465138,1,1.8439635622354746,0.4783345406270387,-0.46618317148792077,0,0,1.2008159857520262,0.07341192703021858,0,0,0,0,1,0,0,0,1,0,1,0,1
-0.3709448379209555,0,0.08628808360631014,-0.46508427634374117,-0.46618317148792077,1,0,-0.24617142228430502,-0.5563385795422586,0,0,0,1,0,0,0,1,0,0,0,0,1
-0.3709448379209555,1,-0.7738509804037065,0.4783345406270387,-0.46618317148792077,0,0,-0.24617142228430502,0.07341192703021858,0,1,0,0,1,0,0,1,0,0,1,0,1
-1.571457222465138,1,-0.5494668767489196,0.4783345406270387,-0.46618317148792077,0,1,1.317036325391716,0.07341192703021858,0,1,0,0,1,0,0,1,0,0,1,0,1
-1.571457222465138,0,1.208208601880245,-0.46508427634374117,-0.46618317148792077,0,1,0.4613008870880122,-0.5563385795422586,0,1,0,1,0,0,0,0,1,0,0,0,0
-1.571457222465138,0,0.7968377451798021,-0.46508427634374117,-0.46618317148792077,1,0,0.4336761822375622,-0.5563385795422586,0,0,0,1,0,0,0,0,1,0,0,0,0
0.8295675466232271,0,-0.21289072126673914,-0.46508427634374117,-0.46618317148792077,1,0,-0.7806843666591833,-0.5563385795422586,0,1,0,1,0,0,0,1,0,0,0,0,0
0.8295675466232271,0,0.04889073299717898,-0.46508427634374117,-0.46618317148792077,0,0,-0.7581120559162504,-0.5563385795422586,0,1,0,1,0,0,0,1,0,0,0,0,0
0.8295675466232271,0,-0.21289072126673914,-0.46508427634374117,-0.46618317148792077,1,0,-0.8562284618489097,-0.5563385795422586,0,0,0,1,0,0,0,1,0,0,0,0,0
-0.3709448379209555,0,0.34806953787022826,0.4783345406270387,-0.46618317148792077,0,0,0.1585720490635233,0.07341192703021858,0,1,0,1,0,0,0,1,0,0,1,0,0
0.8295675466232271,0,0.1236854342154413,-0.46508427634374117,-0.46618317148792077,0,0,-0.7724652664167495,-0.5563385795422586,0,1,0,1,0,0,0,1,0,0,0,0,1
0.8295675466232271,0,-0.21289072126673914,7.082266259422497,1.9217478939753856,1,0,1.3611159704086282,5.741166486182514,0,1,0,1,0,0,0,1,0,0,0,1,0
0.8295675466232271,0,0.7968377451798021,0.4783345406270387,4.309678959438692,0,0,0.4400950889070276,2.592413953320128,0,1,0,1,0,0,0,0,1,0,0,1,0
0.8295675466232271,1,-0.9234403828402311,-0.46508427634374117,-0.46618317148792077,1,0,-0.7929011658750097,-0.5563385795422586,1,0,1,0,0,0,1,0,0,0,0,0,1
-0.3709448379209555,0,0.1984801354337036,-0.46508427634374117,-0.46618317148792077,0,0,-0.24617142228430502,-0.5563385795422586,0,1,0,1,0,0,0,1,0,0,0,0,0
0.8295675466232271,0,-0.21289072126673914,-0.46508427634374117,-0.46618317148792077,1,0,-0.6321373806631648,-0.5563385795422586,0,1,0,1,0,0,0,1,0,0,0,0,0
-1.571457222465138,0,-0.17549337065760798,-0.46508427634374117,1.9217478939753856,0,1,2.498997194961307,0.7031624336026958,0,0,0,1,0,0,0,1,0,0,1,0,0
-0.3709448379209555,1,0.23587748604283476,-0.46508427634374117,-0.46618317148792077,0,1,-0.30786719696643905,-0.5563385795422586,0,1,1,0,0,0,0,1,0,0,0,0,1
-1.571457222465138,1,1.0960165500528514,-0.46508427634374117,-0.46618317148792077,0,1,0.4336761822375622,-0.5563385795422586,0,0,0,0,1,0,0,0,1,0,0,0,1
-0.3709448379209555,0,-0.4746721755306572,-0.46508427634374117,-0.46618317148792077,0,0,-0.16711575680557322,-0.5563385795422586,0,0,0,1,0,0,0,1,0,0,0,0,0
0.8295675466232271,0,0.34806953787022826,0.4783345406270387,0.7277823612437324,0,0,-0.20950907394073087,0.7031624336026958,0,1,0,1,0,0,0,1,0,0,1,0,0
-0.3709448379209555,0,0.1984801354337036,0.4783345406270387,-0.46618317148792077,0,0,0.36991562301720593,0.07341192703021858,0,1,0,1,0,0,0,1,0,0,1,0,1
-1.571457222465138,0,-1.8957714986776413,-0.46508427634374117,1.9217478939753856,0,1,1.5270687947570325,0.7031624336026958,0,1,0,0,0,0,0,0,0,0,1,0,1
0.8295675466232271,1,-2.045360901114166,3.3085909915393783,1.9217478939753856,0,0,0.5540785759716778,3.222164459892605,0,1,1,0,0,0,0,0,0,0,0,1,0
-0.3709448379209555,0,0.08628808360631014,-0.46508427634374117,-0.46618317148792077,1,0,-3.031319466504755,-0.5563385795422586,0,1,0,1,0,0,0,1,0,0,0,0,0
-0.3709448379209555,0,-0.3250827730941326,-0.46508427634374117,-0.46618317148792077,0,0,-0.30786719696643905,-0.5563385795422586,0,1,0,1,0,0,0,1,0,0,0,0,0
0.8295675466232271,0,-0.3998774743123949,-0.46508427634374117,-0.46618317148792077,0,0,-0.7581120559162504,-0.5563385795422586,0,1,0,1,0,0,0,1,0,0,0,0,0
0.8295675466232271,0,-0.6242615779671818,-0.46508427634374117,-0.46618317148792077,0,0,-0.6905301569147303,-0.5563385795422586,0,1,0,1,0,0,0,1,0,0,0,0,0
-0.3709448379209555,0,0.08628808360631014,-0.46508427634374117,-0.46618317148792077,1,0,-0.5108681288878646,-0.5563385795422586,0,1,0,1,0,0,0,1,0,0,0,0,0
-0.3709448379209555,0,1.8439635622354746,-0.46508427634374117,-0.46618317148792077,0,0,-0.2366679887019876,-0.5563385795422586,0,1,0,0,0,1,0,0,1,0,0,0,0
0.8295675466232271,1,0.27327483665196595,2.3651721745685985,-0.46618317148792077,0,0,-0.11664833757139786,1.3329129401751731,0,1,0,0,1,0,0,1,0,0,1,0,1
-0.3709448379209555,0,-0.4746721755306572,-0.46508427634374117,-0.46618317148792077,0,0,-0.30786719696643905,-0.5563385795422586,0,1,0,1,0,0,0,1,0,0,0,0,0
-0.3709448379209555,0,-0.7738509804037065,0.4783345406270387,0.7277823612437324,0,0,0.715782016843455,0.7031624336026958,0,1,0,1,0,0,0,1,0,0,1,0,0
0.8295675466232271,0,2.6667052756363603,-0.46508427634374117,-0.46618317148792077,0,0,-0.7929011658750097,-0.5563385795422586,1,0,0,1,0,0,0,0,0,1,0,0,0
0.8295675466232271,0,-0.21289072126673914,0.4783345406270387,-0.46618317148792077,1,0,0.10892663760152105,0.07341192703021858,0,1,0,1,0,0,0,1,0,0,1,0,0
-0.3709448379209555,1,0.9464271476163267,-0.46508427634374117,-0.46618317148792077,0,0,-0.30786719696643905,-0.5563385795422586,0,1,0,0,1,0,0,0,1,0,0,0,1
-0.3709448379209555,0,-0.8486456816219689,-0.46508427634374117,-0.46618317148792077,0,0,-0.4248200428707556,-0.5563385795422586,0,1,0,1,0,0,0,1,0,0,0,0,0
-0.3709448379209555,0,-0.17549337065760798,-0.46508427634374117,-0.46618317148792077,0,0,-0.30786719696643905,-0.5563385795422586,0,1,0,1,0,0,0,1,0,0,0,0,0
-1.571457222465138,0,1.8439635622354746,-0.46508427634374117,0.7277823612437324,0,1,1.4685101959205942,0.07341192703021858,0,1,0,1,0,0,0,0,1,0,1,0,0
0.8295675466232271,0,-0.21289072126673914,-0.46508427634374117,-0.46618317148792077,1,0,-0.8562284618489097,-0.5563385795422586,0,0,0,1,0,0,0,1,0,0,0,0,0
-1.571457222465138,0,1.3204006537076383,-0.46508427634374117,-0.46618317148792077,0,1,1.0659392028510697,-0.5563385795422586,0,1,0,1,0,0,0,0,1,0,0,0,0
0.8295675466232271,0,-1.3722085901498051,4.252009808510158,1.9217478939753856,0,0,0.9615272531783765,3.851914966465082,0,1,0,0,0,0,0,0,0,0,0,1,0
-0.3709448379209555,0,-0.6242615779671818,1.4217533575978185,-0.46618317148792077,0,0,-0.24617142228430502,0.7031624336026958,0,1,0,1,0,0,0,1,0,0,1,0,0
-0.3709448379209555,0,-0.025903968221083335,-0.46508427634374117,-0.46618317148792077,0,0,-0.5108681288878646,-0.5563385795422586,0,1,0,1,0,0,0,1,0,0,0,0,0
0.8295675466232271,0,0.7220430439615398,-0.46508427634374117,-0.46618317148792077,0,0,0.2966668029585505,-0.5563385795422586,0,1,0,1,0,0,0,0,1,0,0,0,0
0.8295675466232271,1,0.1236854342154413,-0.46508427634374117,5.503644492170345,1,0,0.4829364635715335,2.592413953320128,1,0,0,0,1,0,0,1,0,0,0,1,0
0.8295675466232271,0,0.4976589403067529,0.4783345406270387,-0.46618317148792077,0,0,-0.1351873846279678,0.07341192703021858,0,1,0,1,0,0,0,0,1,0,1,0,0
-1.571457222465138,1,-0.9234403828402311,0.4783345406270387,-0.46618317148792077,0,1,1.8185399074210062,0.07341192703021858,0,0,0,0,1,0,1,0,0,0,1,0,1
0.8295675466232271,0,-0.21289072126673914,-0.46508427634374117,-0.46618317148792077,1,0,-0.6905301569147303,-0.5563385795422586,0,1,0,1,0,0,0,1,0,0,0,0,0
0.8295675466232271,1,-1.3722085901498051,3.3085909915393783,1.9217478939753856,0,0,0.5540785759716778,3.222164459892605,0,1,1,0,0,0,0,0,0,0,0,1,0
0.8295675466232271,1,1.3204006537076383,0.4783345406270387,-0.46618317148792077,0,0,-0.20282957360471018,0.07341192703021858,0,1,0,0,1,0,0,0,1,0,1,0,0
-1.571457222465138,0,0.7968377451798021,-0.46508427634374117,-0.46618317148792077,1,1,0.36991562301720593,-0.5563385795422586,0,1,0,1,0,0,0,0,1,0,0,0,0
0.8295675466232271,1,0.6472483427432775,0.4783345406270387,5.503644492170345,0,0,0.5576694602413629,3.222164459892605,0,1,0,0,1,0,0,0,1,0,0,1,1
-0.3709448379209555,1,-0.3998774743123949,-0.46508427634374117,-0.46618317148792077,1,1,-0.3569284630761847,-0.5563385795422586,1,0,1,0,0,0,0,1,0,0,0,0,1
-1.571457222465138,1,0.04889073299717898,-0.46508427634374117,-0.46618317148792077,1,1,0.5124838986855181,-0.5563385795422586,0,1,1,0,0,0,0,1,0,0,0,0,1
-1.571457222465138,0,1.3951953549259006,0.4783345406270387,-0.46618317148792077,0,1,0.7908921367258613,0.07341192703021858,0,1,0,0,0,1,0,0,1,0,1,0,1
0.8295675466232271,0,-0.21289072126673914,-0.46508427634374117,-0.46618317148792077,1,0,-0.7943764759177718,-0.5563385795422586,1,0,0,1,0,0,0,1,0,0,0,0,0
-1.571457222465138,1,0.8716324463980645,0.4783345406270387,-0.46618317148792077,1,1,2.122352851348488,0.07341192703021858,0,0,0,0,1,0,0,0,1,0,1,0,1
-1.571457222465138,0,0.7968377451798021,-0.46508427634374117,-0.46618317148792077,0,1,-3.031319466504755,-0.5563385795422586,0,1,0,1,0,0,0,0,1,0,0,0,0
0.8295675466232271,0,0.1236854342154413,-0.46508427634374117,-0.46618317148792077,0,0,-0.7899568580314144,-0.5563385795422586,0,1,0,1,0,0,0,1,0,0,0,0,0
0.8295675466232271,1,-1.596592693804592,2.3651721745685985,0.7277823612437324,0,0,0.1620841767840696,1.9626634467476503,0,1,1,0,0,0,0,0,0,0,0,1,0
0.8295675466232271,0,-0.25028807187587027,-0.46508427634374117,-0.46618317148792077,0,0,0.049190480735335905,-0.5563385795422586,0,0,0,1,0,0,0,1,0,0,0,0,1
-0.3709448379209555,0,-0.3998774743123949,1.4217533575978185,-0.46618317148792077,0,0,1.4173355626251152,0.7031624336026958,0,1,0,1,0,0,0,1,0,0,1,0,0
0.8295675466232271,0,-0.21289072126673914,-0.46508427634374117,-0.46618317148792077,1,0,-0.8562284618489097,-0.5563385795422586,0,0,0,1,0,0,0,1,0,0,0,0,0
-0.3709448379209555,1,-1.8957714986776413,0.4783345406270387,0.7277823612437324,0,0,0.24836598020658354,0.7031624336026958,0,1,1,0,0,0,0,0,0,0,1,0,1
-1.571457222465138,0,1.1708112512711137,-0.46508427634374117,-0.46618317148792077,0,0,0.39072617457584324,-0.5563385795422586,0,1,0,1,0,0,0,0,1,0,0,0,1
-1.571457222465138,1,0.9464271476163267,-0.46508427634374117,-0.46618317148792077,0,0,2.5740258238454325,-0.5563385795422586,0,0,1,0,0,0,0,0,1,0,0,0,1
-1.571457222465138,0,0.1984801354337036,-0.46508427634374117,-0.46618317148792077,0,1,0.5289959181344117,-0.5563385795422586,0,0,0,0,0,1,0,1,0,0,0,0,1
0.8295675466232271,0,1.6195794585806875,-0.46508427634374117,-0.46618317148792077,0,0,-0.7581120559162504,-0.5563385795422586,0,1,0,1,0,0,0,0,1,0,0,0,0
0.8295675466232271,1,-1.1104271358858868,0.4783345406270387,-0.46618317148792077,0,0,-0.20588341972655477,0.07341192703021858,0,0,1,0,0,0,1,0,0,0,1,0,0
0.8295675466232271,0,-0.21289072126673914,-0.46508427634374117,-0.46618317148792077,1,0,-0.8789492518921187,-0.5563385795422586,0,1,0,1,0,0,0,1,0,0,0,0,0
0.8295675466232271,0,-0.17549337065760798,0.4783345406270387,-0.46618317148792077,0,0,-0.20588341972655477,0.07341192703021858,0,0,0,1,0,0,0,1,0,0,1,0,0
-1.571457222465138,0,0.7968377451798021,-0.46508427634374117,-0.46618317148792077,1,1,0.39072617457584324,-0.5563385795422586,0,1,0,1,0,0,0,0,1,0,0,0,0
0.8295675466232271,0,-1.596592693804592,3.3085909915393783,0.7277823612437324,0,0,0.4829364635715335,2.592413953320128,1,0,0,0,0,0,0,0,0,0,0,1,0
-0.3709448379209555,0,0.9464271476163267,0.4783345406270387,-0.46618317148792077,0,0,0.4074462753237893,0.07341192703021858,0,1,0,1,0,0,0,0,1,0,1,0,0
-1.571457222465138,1,0.8716324463980645,0.4783345406270387,0.7277823612437324,1,1,2.034637155542994,0.7031624336026958,0,0,0,0,1,0,0,0,1,0,1,0,1
0.8295675466232271,1,-1.820976797459379,3.3085909915393783,1.9217478939753856,0,0,0.5576694602413629,3.222164459892605,0,1,1,0,0,0,0,0,0,0,0,1,1
0.8295675466232271,0,0.04889073299717898,-0.46508427634374117,-0.46618317148792077,0,0,-0.7758471369930473,-0.5563385795422586,0,1,0,1,0,0,0,1,0,0,0,0,0
0.8295675466232271,1,-0.9234403828402311,-0.46508427634374117,-0.46618317148792077,1,0,-0.7929011658750097,-0.5563385795422586,1,0,1,0,0,0,1,0,0,0,0,0,1
0.8295675466232271,0,-1.8957714986776413,3.3085909915393783,0.7277823612437324,0,0,0.4829364635715335,2.592413953320128,1,0,0,0,0,0,0,0,0,0,0,1,0
-0.3709448379209555,0,-2.1328707015395327,0.4783345406270387,0.7277823612437324,0,0,0.04723288444964477,0.7031624336026958,0,1,0,0,0,0,0,0,0,0,1,0,1
-0.3709448379209555,1,-0.10069866943934565,0.4783345406270387,-0.46618317148792077,0,0,0.36991562301720593,0.07341192703021858,0,1,0,0,1,0,0,1,0,0,1,0,1
0.8295675466232271,0,-0.6990562791854442,-0.46508427634374117,-0.46618317148792077,0,0,-1.3678362901149193,-0.5563385795422586,0,0,0,1,0,0,0,1,0,0,0,0,0
0.8295675466232271,0,-0.21289072126673914,-0.46508427634374117,-0.46618317148792077,1,0,-0.8567552954513431,-0.5563385795422586,0,0,0,1,0,0,0,1,0,0,0,0,0
-1.571457222465138,0,0.7968377451798021,-0.46508427634374117,-0.46618317148792077,1,0,0.5353907156925347,-0.5563385795422586,0,0,0,1,0,0,0,0,1,0,0,0,0
0.8295675466232271,0,-0.9234403828402311,-0.46508427634374117,-0.46618317148792077,0,0,-0.6905301569147303,-0.5563385795422586,0,1,0,1,0,0,1,0,0,0,0,0,0
0.8295675466232271,0,-0.21289072126673914,-0.46508427634374117,-0.46618317148792077,1,0,-0.6852038008369803,-0.5563385795422586,0,0,0,1,0,0,0,1,0,0,0,0,0
0.8295675466232271,0,-0.025903968221083335,-0.46508427634374117,-0.46618317148792077,0,0,-0.7899568580314144,-0.5563385795422586,0,1,0,1,0,0,0,1,0,0,0,0,0
0.8295675466232271,0,0.4228642390884906,-0.46508427634374117,-0.46618317148792077,0,0,-0.869379051629148,-0.5563385795422586,0,1,0,1,0,0,0,0,1,0,0,0,0
0.8295675466232271,1,-1.7461820962411165,3.3085909915393783,1.9217478939753856,0,0,0.5540785759716778,3.222164459892605,0,1,1,0,0,0,0,0,0,0,0,1,0
0.8295675466232271,1,-0.7738509804037065,-0.46508427634374117,-0.46618317148792077,0,0,-0.7777746598832023,-0.5563385795422586,1,0,1,0,0,0,0,1,0,0,0,0,1
0.8295675466232271,0,-0.6242615779671818,-0.46508427634374117,-0.46618317148792077,0,0,-0.7806843666591833,-0.5563385795422586,0,1,0,1,0,0,0,1,0,0,0,0,0
0.8295675466232271,0,-0.6990562791854442,-0.46508427634374117,-0.46618317148792077,0,0,-0.5713102497658511,-0.5563385795422586,0,1,0,1,0,0,0,1,0,0,0,0,0
-0.3709448379209555,1,-1.6713873950228544,-0.46508427634374117,1.9217478939753856,0,0,0.37942701937126566,0.7031624336026958,0,1,1,0,0,0,0,0,0,0,1,0,1
0.8295675466232271,0,0.7220430439615398,-0.46508427634374117,-0.46618317148792077,0,0,-0.7724652664167495,-0.5563385795422586,0,1,0,1,0,0,0,0,1,0,0,0,1
0.8295675466232271,0,-0.25028807187587027,0.4783345406270387,-0.46618317148792077,0,0,-0.20588341972655477,0.07341192703021858,0,0,0,1,0,0,0,1,0,0,1,0,0
0.8295675466232271,1,1.1708112512711137,-0.46508427634374117,0.7277823612437324,0,0,-0.20588341972655477,0.07341192703021858,0,0,0,0,1,0,0,0,1,0,1,0,0
0.8295675466232271,0,0.27327483665196595,0.4783345406270387,0.7277823612437324,0,0,0.13604662315002225,0.7031624336026958,0,1,0,1,0,0,0,1,0,0,1,0,0
-0.3709448379209555,0,-2.045360901114166,0.4783345406270387,0.7277823612437324,0,1,0.36991562301720593,0.7031624336026958,0,1,0,0,0,0,0,0,0,0,1,0,1
-1.571457222465138,1,0.8716324463980645,0.4783345406270387,-0.46618317148792077,1,1,1.6135846248882584,0.07341192703021858,0,0,0,0,1,0,0,0,1,0,1,0,1
0.8295675466232271,1,-0.25028807187587027,0.4783345406270387,-0.46618317148792077,0,0,-0.1014495473972631,0.07341192703021858,0,1,0,0,1,0,0,1,0,0,1,0,0
0.8295675466232271,0,0.1984801354337036,-0.46508427634374117,-0.46618317148792077,0,0,1.1499629369709317,-0.5563385795422586,0,1,0,1,0,0,0,1,0,0,0,0,1
-1.571457222465138,1,0.4228642390884906,-0.46508427634374117,-0.46618317148792077,0,1,2.043232566598004,-0.5563385795422586,0,1,1,0,0,0,0,0,1,0,0,0,1
0.8295675466232271,1,-0.10069866943934565,0.4783345406270387,0.7277823612437324,0,0,-0.20950907394073087,0.7031624336026958,0,1,0,0,1,0,0,1,0,0,1,0,0
0.8295675466232271,0,0.7220430439615398,0.4783345406270387,5.503644492170345,0,0,0.5540785759716778,3.222164459892605,0,1,0,1,0,0,0,0,1,0,0,1,0
0.8295675466232271,0,-0.10069866943934565,-0.46508427634374117,-0.46618317148792077,0,0,-0.6047491117062418,-0.5563385795422586,0,1,0,1,0,0,0,1,0,0,0,0,0
-1.571457222465138,0,0.5724536415250152,-0.46508427634374117,0.7277823612437324,0,1,0.5024483654758424,0.07341192703021858,0,0,0,1,0,0,0,0,1,0,1,0,0
0.8295675466232271,0,-0.21289072126673914,-0.46508427634374117,-0.46618317148792077,1,0,-0.8536233379665082,-0.5563385795422586,0,1,0,1,0,0,0,1,0,0,0,0,0
0.8295675466232271,0,-1.8957714986776413,3.3085909915393783,1.9217478939753856,0,0,0.5540785759716778,3.222164459892605,0,1,0,0,0,0,0,0,0,0,0,1,0
-1.571457222465138,0,-0.4746721755306572,-0.46508427634374117,0.7277823612437324,0,1,1.2663227259869163,0.07341192703021858,0,0,0,1,0,0,0,1,0,0,1,0,1
0.8295675466232271,0,0.6472483427432775,-0.46508427634374117,-0.46618317148792077,0,0,-0.8789492518921187,-0.5563385795422586,0,1,0,1,0,0,0,0,1,0,0,0,0
0.8295675466232271,0,-0.3250827730941326,-0.46508427634374117,-0.46618317148792077,0,0,-0.8789492518921187,-0.5563385795422586,0,1,0,1,0,0,0,1,0,0,0,0,0
-0.3709448379209555,1,-0.025903968221083335,-0.46508427634374117,-0.46618317148792077,0,1,-0.5108681288878646,-0.5563385795422586,0,1,0,0,1,0,0,1,0,0,0,0,1
-1.571457222465138,0,1.8439635622354746,-0.46508427634374117,-0.46618317148792077,0,1,1.1886063260501698,-0.5563385795422586,0,1,0,1,0,0,0,0,1,0,0,0,0
-0.3709448379209555,1,-0.3998774743123949,-0.46508427634374117,1.9217478939753856,0,0,-0.20282957360471018,0.7031624336026958,0,1,0,0,1,0,0,1,0,0,1,0,1
0.8295675466232271,0,-0.10069866943934565,-0.46508427634374117,-0.46618317148792077,0,0,-0.7758471369930473,-0.5563385795422586,0,1,0,1,0,0,0,1,0,0,0,0,0
0.8295675466232271,1,0.1236854342154413,-0.46508427634374117,1.9217478939753856,1,0,0.22039784856269226,0.7031624336026958,0,0,0,0,1,0,0,1,0,0,1,0,1
0.8295675466232271,1,-1.147824486495018,-0.46508427634374117,-0.46618317148792077,0,0,-0.7806843666591833,-0.5563385795422586,0,1,1,0,0,0,1,0,0,0,0,0,0
-0.3709448379209555,1,0.8716324463980645,-0.46508427634374117,0.7277823612437324,0,0,0.08569618860385127,0.07341192703021858,0,1,0,0,1,0,0,0,1,0,1,0,1
0.8295675466232271,0,-0.21289072126673914,-0.46508427634374117,-0.46618317148792077,1,0,-0.20282957360471018,-0.5563385795422586,0,1,0,1,0,0,0,1,0,0,0,0,0
-0.3709448379209555,1,1.5447847573624254,-0.46508427634374117,-0.46618317148792077,0,0,-0.5108681288878646,-0.5563385795422586,0,1,1,0,0,0,0,0,1,0,0,0,1
0.8295675466232271,0,-0.21289072126673914,-0.46508427634374117,-0.46618317148792077,1,0,-0.8562284618489097,-0.5563385795422586,0,0,0,1,0,0,0,1,0,0,0,0,0
0.8295675466232271,0,-0.6242615779671818,-0.46508427634374117,-0.46618317148792077,0,0,-0.7899568580314144,-0.5563385795422586,0,1,0,1,0,0,0,1,0,0,0,0,0
-1.571457222465138,1,-0.5494668767489196,-0.46508427634374117,1.9217478939753856,0,1,1.0160754361748723,0.7031624336026958,0,0,1,0,0,0,0,1,0,0,1,0,1
0.8295675466232271,0,-0.3998774743123949,-0.46508427634374117,-0.46618317148792077,0,0,-0.8233257461181566,-0.5563385795422586,0,1,0,1,0,0,0,1,0,0,0,0,0
-0.3709448379209555,1,-0.6242615779671818,-0.46508427634374117,-0.46618317148792077,0,0,-0.5108681288878646,-0.5563385795422586,0,1,1,0,0,0,0,1,0,0,0,0,1
0.8295675466232271,0,-0.21289072126673914,-0.46508427634374117,-0.46618317148792077,1,0,-0.8784109683717057,-0.5563385795422586,0,1,0,1,0,0,0,1,0,0,0,0,0
-0.3709448379209555,1,-0.3998774743123949,1.4217533575978185,0.7277823612437324,0,0,0.4074462753237893,1.3329129401751731,0,1,0,0,1,0,0,1,0,0,1,0,1
-0.3709448379209555,0,-0.7738509804037065,-0.46508427634374117,-0.46618317148792077,0,0,-0.30786719696643905,-0.5563385795422586,0,1,0,1,0,0,0,1,0,0,0,0,0
0.8295675466232271,0,-0.5494668767489196,-0.46508427634374117,-0.46618317148792077,0,0,-0.7581120559162504,-0.5563385795422586,0,1,0,1,0,0,0,1,0,0,0,0,0
-1.571457222465138,0,0.7968377451798021,-0.46508427634374117,-0.46618317148792077,1,1,0.6228769009527894,-0.5563385795422586,0,1,0,1,0,0,0,0,1,0,0,0,0
0.8295675466232271,0,-0.21289072126673914,-0.46508427634374117,-0.46618317148792077,1,0,-0.7581120559162504,-0.5563385795422586,0,1,0,1,0,0,0,1,0,0,0,0,0
0.8295675466232271,0,-0.7738509804037065,-0.46508427634374117,-0.46618317148792077,0,0,-0.5408407309351717,-0.5563385795422586,0,1,0,1,0,0,0,1,0,0,0,0,0
0.8295675466232271,0,-0.21289072126673914,-0.46508427634374117,-0.46618317148792077,1,0,-0.7581120559162504,-0.5563385795422586,0,1,0,1,0,0,0,1,0,0,0,0,0
0.8295675466232271,1,-0.5494668767489196,-0.46508427634374117,-0.46618317148792077,0,0,-0.7929011658750097,-0.5563385795422586,1,0,1,0,0,0,0,1,0,0,0,0,1
0.8295675466232271,0,-0.10069866943934565,-0.46508427634374117,-0.46618317148792077,0,0,0.22773656650595472,-0.5563385795422586,0,1,0,1,0,0,0,1,0,0,0,0,0
-0.3709448379209555,1,1.8439635622354746,0.4783345406270387,3.1157134267070385,0,0,0.24836598020658354,1.9626634467476503,0,1,0,0,1,0,0,0,1,0,0,1,1
0.8295675466232271,0,0.8716324463980645,-0.46508427634374117,-0.46618317148792077,0,0,-0.869379051629148,-0.5563385795422586,0,1,0,1,0,0,0,0,1,0,0,0,0
0.8295675466232271,0,-0.06330131883021449,-0.46508427634374117,-0.46618317148792077,0,0,-0.8562284618489097,-0.5563385795422586,0,0,0,1,0,0,0,1,0,0,0,0,0
0.8295675466232271,0,-0.21289072126673914,-0.46508427634374117,-0.46618317148792077,1,0,-0.7758471369930473,-0.5563385795422586,0,0,0,1,0,0,0,1,0,0,0,0,0
-0.3709448379209555,0,-0.6242615779671818,0.4783345406270387,-0.46618317148792077,0,0,-0.4248200428707556,0.07341192703021858,0,1,0,1,0,0,0,1,0,0,1,0,0
-0.3709448379209555,1,0.7968377451798021,0.4783345406270387,0.7277823612437324,0,0,0.7755273983280434,0.7031624336026958,0,1,0,0,1,0,0,0,1,0,1,0,1
-0.3709448379209555,0,0.4976589403067529,-0.46508427634374117,-0.46618317148792077,0,0,-0.5108681288878646,-0.5563385795422586,0,1,0,1,0,0,0,0,1,0,0,0,0
-0.3709448379209555,1,-0.025903968221083335,0.4783345406270387,-0.46618317148792077,0,0,0.36991562301720593,0.07341192703021858,0,1,0,0,1,0,0,1,0,0,1,0,1
0.8295675466232271,1,-1.0730297852767559,0.4783345406270387,-0.46618317148792077,0,0,-0.20588341972655477,0.07341192703021858,0,0,0,0,1,0,1,0,0,0,1,0,1
0.8295675466232271,0,0.8342350957889333,-0.46508427634374117,-0.46618317148792077,0,0,-0.7929011658750097,-0.5563385795422586,1,0,0,1,0,0,0,0,1,0,0,0,0
0.8295675466232271,0,-0.025903968221083335,-0.46508427634374117,-0.46618317148792077,0,0,-0.7581120559162504,-0.5563385795422586,1,0,0,1,0,0,0,1,0,0,0,0,1
-0.3709448379209555,1,0.27327483665196595,-0.46508427634374117,1.9217478939753856,0,0,0.36991562301720593,0.7031624336026958,0,1,0,0,1,0,0,1,0,0,1,0,1
0.8295675466232271,0,-0.7738509804037065,-0.46508427634374117,-0.46618317148792077,0,0,-0.7581120559162504,-0.5563385795422586,0,1,0,1,0,0,0,1,0,0,0,0,0
-0.3709448379209555,0,0.4228642390884906,-0.46508427634374117,-0.46618317148792077,0,0,-0.5108681288878646,-0.5563385795422586,0,1,0,1,0,0,0,0,1,0,0,0,0
-1.571457222465138,1,-0.8486456816219689,1.4217533575978185,1.9217478939753856,0,1,2.720497994372778,1.9626634467476503,0,0,1,0,0,0,0,1,0,0,0,1,1
0.8295675466232271,1,-0.8486456816219689,0.4783345406270387,-0.46618317148792077,0,0,-0.003640203538517786,0.07341192703021858,0,1,0,0,1,0,0,1,0,0,1,0,0
-1.571457222465138,0,0.7968377451798021,-0.46508427634374117,-0.46618317148792077,1,0,0.8597162479714923,-0.5563385795422586,0,1,0,1,0,0,0,0,1,0,0,0,0
0.8295675466232271,0,-0.21289072126673914,-0.46508427634374117,-0.46618317148792077,1,0,-0.7948726538512316,-0.5563385795422586,0,1,0,1,0,0,0,1,0,0,0,0,0
0.8295675466232271,0,-0.21289072126673914,-0.46508427634374117,-0.46618317148792077,1,0,-0.7581120559162504,-0.5563385795422586,0,1,0,1,0,0,0,1,0,0,0,0,0
-1.571457222465138,0,-0.6242615779671818,-0.46508427634374117,0.7277823612437324,0,1,1.4685101959205942,0.07341192703021858,0,1,0,1,0,0,0,1,0,0,1,0,0
0.8295675466232271,1,-0.9234403828402311,-0.46508427634374117,-0.46618317148792077,1,0,-0.7836023006727081,-0.5563385795422586,1,0,1,0,0,0,1,0,0,0,0,0,1
-1.571457222465138,1,0.7220430439615398,0.4783345406270387,0.7277823612437324,0,1,1.836997373841153,0.7031624336026958,0,1,0,0,1,0,0,0,1,0,1,0,1
0.8295675466232271,0,-0.6990562791854442,-0.46508427634374117,-0.46618317148792077,0,0,-0.7806843666591833,-0.5563385795422586,0,1,0,1,0,0,0,1,0,0,0,0,0
-1.571457222465138,0,2.1431423671085237,-0.46508427634374117,-0.46618317148792077,0,1,0.5024483654758424,-0.5563385795422586,0,0,0,1,0,0,0,0,1,0,0,0,0
-1.571457222465138,0,1.469990056144163,0.4783345406270387,-0.46618317148792077,0,1,1.1577127639036309,0.07341192703021858,0,0,0,0,0,1,0,0,1,0,1,0,1
0.8295675466232271,1,-1.820976797459379,1.4217533575978185,0.7277823612437324,0,0,0.07345660568227269,1.3329129401751731,0,0,1,0,0,0,0,0,0,0,1,0,1
-1.571457222465138,1,0.7220430439615398,0.4783345406270387,0.7277823612437324,0,1,1.4991918216283444,0.7031624336026958,0,1,0,0,1,0,0,0,1,0,1,0,1
0.8295675466232271,0,-0.9234403828402311,-0.46508427634374117,-0.46618317148792077,0,0,-0.7581120559162504,-0.5563385795422586,0,1,0,1,0,0,1,0,0,0,0,0,0
-1.571457222465138,0,2.6667052756363603,-0.46508427634374117,0.7277823612437324,0,1,1.2439686172249775,0.07341192703021858,0,0,0,1,0,0,0,0,0,1,1,0,0
-1.571457222465138,1,0.8716324463980645,0.4783345406270387,-0.46618317148792077,1,0,2.028143095102859,0.07341192703021858,0,1,0,0,1,0,0,0,1,0,1,0,1
-1.571457222465138,1,0.04889073299717898,-0.46508427634374117,-0.46618317148792077,1,0,1.836997373841153,-0.5563385795422586,0,0,1,0,0,0,0,1,0,0,0,0,1
0.8295675466232271,0,-0.6242615779671818,-0.46508427634374117,-0.46618317148792077,0,0,-0.7581120559162504,-0.5563385795422586,0,1,0,1,0,0,0,1,0,0,0,0,0
-1.571457222465138,0,0.1236854342154413,-0.46508427634374117,-0.46618317148792077,0,1,1.0362268059324586,-0.5563385795422586,0,1,0,1,0,0,0,1,0,0,0,0,0
0.8295675466232271,0,0.1984801354337036,-0.46508427634374117,-0.46618317148792077,0,0,-0.7724652664167495,-0.5563385795422586,0,1,0,1,0,0,0,1,0,0,0,0,1
-0.3709448379209555,0,0.7220430439615398,-0.46508427634374117,-0.46618317148792077,0,0,-0.30786719696643905,-0.5563385795422586,0,1,0,1,0,0,0,0,1,0,0,0,0
0.8295675466232271,0,-0.6990562791854442,-0.46508427634374117,-0.46618317148792077,0,0,-0.7581120559162504,-0.5563385795422586,0,1,0,1,0,0,0,1,0,0,0,0,0
-0.3709448379209555,0,0.34806953787022826,-0.46508427634374117,-0.46618317148792077,0,1,-0.30786719696643905,-0.5563385795422586,0,1,0,1,0,0,0,1,0,0,0,0,1
-1.571457222465138,0,1.3204006537076383,-0.46508427634374117,-0.46618317148792077,0,1,0.354027595847217,-0.5563385795422586,0,1,0,1,0,0,0,0,1,0,0,0,0
-1.571457222465138,0,0.4976589403067529,-0.46508427634374117,-0.46618317148792077,0,1,0.38084619795727376,-0.5563385795422586,0,1,0,1,0,0,0,0,1,0,0,0,1
0.8295675466232271,0,-0.6242615779671818,-0.46508427634374117,-0.46618317148792077,0,0,-0.1014495473972631,-0.5563385795422586,0,1,0,1,0,0,0,1,0,0,0,0,0
0.8295675466232271,0,-0.21289072126673914,-0.46508427634374117,-0.46618317148792077,1,0,-0.7581120559162504,-0.5563385795422586,0,1,0,1,0,0,0,1,0,0,0,0,0
0.8295675466232271,0,-0.21289072126673914,-0.46508427634374117,-0.46618317148792077,1,0,-0.7758471369930473,-0.5563385795422586,0,1,0,1,0,0,0,1,0,0,0,0,0
0.8295675466232271,1,0.04889073299717898,-0.46508427634374117,-0.46618317148792077,0,0,-0.6905301569147303,-0.5563385795422586,0,1,1,0,0,0,0,1,0,0,0,0,0
0.8295675466232271,0,-0.21289072126673914,-0.46508427634374117,-0.46618317148792077,1,0,-0.7758471369930473,-0.5563385795422586,0,1,0,1,0,0,0,1,0,0,0,0,0
0.8295675466232271,0,-0.21289072126673914,-0.46508427634374117,-0.46618317148792077,1,0,-0.8567552954513431,-0.5563385795422586,0,0,0,1,0,0,0,1,0,0,0,0,0
0.8295675466232271,0,0.27327483665196595,-0.46508427634374117,-0.46618317148792077,0,0,-0.6914169986506489,-0.5563385795422586,0,1,0,1,0,0,0,1,0,0,0,0,0
-1.571457222465138,1,0.04889073299717898,-0.46508427634374117,-0.46618317148792077,0,1,1.1577127639036309,-0.5563385795422586,0,0,1,0,0,0,0,1,0,0,0,0,1
-0.3709448379209555,0,-2.1201556023324284,1.4217533575978185,0.7277823612437324,0,1,0.7755273983280434,1.3329129401751731,0,1,0,0,0,0,0,0,0,0,1,0,1
0.8295675466232271,1,-0.6990562791854442,-0.46508427634374117,-0.46618317148792077,0,0,-0.6905301569147303,-0.5563385795422586,0,1,1,0,0,0,0,1,0,0,0,0,0
-0.3709448379209555,1,0.34806953787022826,0.4783345406270387,0.7277823612437324,0,0,-0.24617142228430502,0.7031624336026958,0,1,0,0,1,0,0,1,0,0,1,0,1
-1.571457222465138,0,1.1708112512711137,-0.46508427634374117,-0.46618317148792077,0,1,0.6810319592848124,-0.5563385795422586,0,1,0,1,0,0,0,0,1,0,0,0,0
-0.3709448379209555,1,0.4976589403067529,-0.46508427634374117,-0.46618317148792077,0,1,-0.30786719696643905,-0.5563385795422586,0,1,0,0,1,0,0,0,1,0,0,0,1
0.8295675466232271,0,0.7220430439615398,-0.46508427634374117,-0.46618317148792077,0,0,-0.7724652664167495,-0.5563385795422586,0,1,0,1,0,0,0,0,1,0,0,0,0
0.8295675466232271,0,-0.21289072126673914,0.4783345406270387,0.7277823612437324,1,0,-0.1233025845730488,0.7031624336026958,0,0,0,1,0,0,0,1,0,0,1,0,1
0.8295675466232271,0,0.3854668884793594,-0.46508427634374117,-0.46618317148792077,0,0,-0.9606173205855179,-0.5563385795422586,0,0,0,1,0,0,0,1,0,0,0,0,0
0.8295675466232271,0,-0.21289072126673914,-0.46508427634374117,-0.46618317148792077,1,0,-0.6047491117062418,-0.5563385795422586,0,1,0,1,0,0,0,1,0,0,0,0,0
0.8295675466232271,0,-0.21289072126673914,1.4217533575978185,-0.46618317148792077,1,0,0.25906016087253186,0.7031624336026958,1,0,0,1,0,0,0,1,0,0,1,0,1
0.8295675466232271,0,-0.21289072126673914,-0.46508427634374117,-0.46618317148792077,1,0,-0.7581120559162504,-0.5563385795422586,0,1,0,1,0,0,0,1,0,0,0,0,0
0.8295675466232271,1,-1.4470032913680673,-0.46508427634374117,1.9217478939753856,0,0,0.2966668029585505,0.7031624336026958,0,1,1,0,0,0,0,0,0,0,1,0,0
0.8295675466232271,1,-1.5217979925863296,0.4783345406270387,0.7277823612437324,0,0,-0.15433234074566016,0.7031624336026958,0,0,1,0,0,0,0,0,0,0,1,0,0
0.8295675466232271,0,-0.21289072126673914,-0.46508427634374117,-0.46618317148792077,1,0,-0.7758471369930473,-0.5563385795422586,0,1,0,1,0,0,0,1,0,0,0,0,0
0.8295675466232271,0,-0.661658928576313,-0.46508427634374117,-0.46618317148792077,0,0,-0.8536233379665082,-0.5563385795422586,0,1,0,1,0,0,0,1,0,0,0,0,0
-1.571457222465138,1,0.8716324463980645,0.4783345406270387,-0.46618317148792077,1,1,1.0659392028510697,0.07341192703021858,0,1,0,0,1,0,0,0,1,0,1,0,1
-1.571457222465138,1,0.4976589403067529,-0.46508427634374117,-0.46618317148792077,0,1,2.043232566598004,-0.5563385795422586,0,0,1,0,0,0,0,0,1,0,0,0,1
0.8295675466232271,0,-0.21289072126673914,-0.46508427634374117,-0.46618317148792077,1,0,-0.7581120559162504,-0.5563385795422586,0,1,0,1,0,0,0,1,0,0,0,0,0
0.8295675466232271,0,-0.21289072126673914,-0.46508427634374117,-0.46618317148792077,1,0,-0.8167630196874914,-0.5563385795422586,0,1,0,1,0,0,0,1,0,0,0,0,0
0.8295675466232271,0,-0.6990562791854442,-0.46508427634374117,-0.46618317148792077,0,0,-0.6905301569147303,-0.5563385795422586,0,1,0,1,0,0,0,1,0,0,0,0,0
0.8295675466232271,1,-0.5494668767489196,-0.46508427634374117,-0.46618317148792077,0,0,-0.7581120559162504,-0.5563385795422586,0,1,1,0,0,0,0,1,0,0,0,0,0
-0.3709448379209555,0,0.7220430439615398,-0.46508427634374117,-0.46618317148792077,0,0,-0.30786719696643905,-0.5563385795422586,0,1,0,1,0,0,0,0,1,0,0,0,0
0.8295675466232271,1,0.5724536415250152,-0.46508427634374117,-0.46618317148792077,0,0,-0.7581120559162504,-0.5563385795422586,0,1,1,0,0,0,0,0,1,0,0,0,0
-0.3709448379209555,1,1.3951953549259006,0.4783345406270387,1.9217478939753856,0,0,1.2923170789041762,1.3329129401751731,0,1,0,0,1,0,0,0,1,0,1,0,1
-0.3709448379209555,0,-0.4746721755306572,-0.46508427634374117,-0.46618317148792077,0,0,-0.30786719696643905,-0.5563385795422586,0,1,0,1,0,0,0,1,0,0,0,0,0
0.8295675466232271,1,-0.9234403828402311,-0.46508427634374117,-0.46618317148792077,1,0,-0.7943764759177718,-0.5563385795422586,1,0,1,0,0,0,1,0,0,0,0,0,1
-0.3709448379209555,0,3.0406787817276717,-0.46508427634374117,-0.46618317148792077,0,0,-0.5108681288878646,-0.5563385795422586,0,1,0,1,0,0,0,0,0,1,0,0,0
0.8295675466232271,1,0.1984801354337036,0.4783345406270387,0.7277823612437324,0,0,-0.1383098656762799,0.7031624336026958,1,0,0,0,1,0,0,1,0,0,1,0,0
0.8295675466232271,0,-0.9982350840584935,0.4783345406270387,0.7277823612437324,0,0,0.1227772747089646,0.7031624336026958,0,1,0,1,0,0,1,0,0,0,1,0,0
-0.3709448379209555,0,-0.6242615779671818,-0.46508427634374117,-0.46618317148792077,0,0,1.4173355626251152,-0.5563385795422586,0,1,0,1,0,0,0,1,0,0,0,0,0
0.8295675466232271,0,-0.21289072126673914,-0.46508427634374117,-0.46618317148792077,1,0,-0.8536233379665082,-0.5563385795422586,0,1,0,1,0,0,0,1,0,0,0,0,0
-0.3709448379209555,0,0.9464271476163267,-0.46508427634374117,-0.46618317148792077,0,0,-0.30786719696643905,-0.5563385795422586,0,1,0,0,0,1,0,0,1,0,0,0,0
0.8295675466232271,0,-0.3998774743123949,-0.46508427634374117,-0.46618317148792077,0,0,-0.78751357970953,-0.5563385795422586,0,1,0,1,0,0,0,1,0,0,0,0,0
0.8295675466232271,1,-0.5494668767489196,-0.46508427634374117,-0.46618317148792077,0,0,-0.7929011658750097,-0.5563385795422586,0,1,1,0,0,0,0,1,0,0,0,0,1
0.8295675466232271,0,0.7968377451798021,-0.46508427634374117,-0.46618317148792077,0,0,-0.8567552954513431,-0.5563385795422586,0,0,0,1,0,0,0,0,1,0,0,0,0
-1.571457222465138,0,-2.126139178429889,0.4783345406270387,1.9217478939753856,0,1,2.15694812572061,1.3329129401751731,0,1,0,0,0,0,0,0,0,0,1,0,1
0.8295675466232271,0,0.27327483665196595,-0.46508427634374117,-0.46618317148792077,0,0,-0.6905301569147303,-0.5563385795422586,0,0,0,1,0,0,0,1,0,0,0,0,0
0.8295675466232271,0,-0.8486456816219689,-0.46508427634374117,-0.46618317148792077,0,0,-0.7899568580314144,-0.5563385795422586,0,1,0,1,0,0,0,1,0,0,0,0,0
0.8295675466232271,0,-0.10069866943934565,-0.46508427634374117,-0.46618317148792077,0,0,1.1499629369709317,-0.5563385795422586,0,1,0,1,0,0,0,1,0,0,0,0,0
-0.3709448379209555,0,0.5724536415250152,0.4783345406270387,-0.46618317148792077,0,0,0.36991562301720593,0.07341192703021858,0,1,0,1,0,0,0,0,1,0,1,0,0
0.8295675466232271,1,-1.820976797459379,-0.46508427634374117,-0.46618317148792077,0,0,-0.34731069356332783,-0.5563385795422586,0,1,1,0,0,0,0,0,0,0,0,0,1
0.8295675466232271,1,-1.2226191877132804,-0.46508427634374117,-0.46618317148792077,0,0,-0.8562284618489097,-0.5563385795422586,0,0,1,0,0,0,1,0,0,0,0,0,1
-0.3709448379209555,0,-0.17549337065760798,-0.46508427634374117,-0.46618317148792077,0,0,0.36991562301720593,-0.5563385795422586,0,1,0,1,0,0,0,1,0,0,0,0,0
-0.3709448379209555,1,0.6472483427432775,-0.46508427634374117,-0.46618317148792077,0,0,-0.30786719696643905,-0.5563385795422586,0,1,1,0,0,0,0,0,1,0,0,0,0
0.8295675466232271,0,0.9464271476163267,-0.46508427634374117,-0.46618317148792077,0,0,-0.8167630196874914,-0.5563385795422586,0,1,0,1,0,0,0,0,1,0,0,0,0
0.8295675466232271,0,-1.8957714986776413,0.4783345406270387,0.7277823612437324,1,0,-0.11359061918874039,0.7031624336026958,0,1,0,0,0,0,0,0,0,0,1,0,1
-0.3709448379209555,1,-0.10069866943934565,-0.46508427634374117,-0.46618317148792077,0,0,-0.3339946481744054,-0.5563385795422586,0,1,0,0,1,0,0,1,0,0,0,0,1
-1.571457222465138,1,1.5447847573624254,-0.46508427634374117,0.7277823612437324,0,1,2.6605891995410036,0.07341192703021858,0,0,0,0,1,0,0,0,1,0,1,0,1
-1.571457222465138,0,1.6195794585806875,-0.46508427634374117,-0.46618317148792077,0,1,0.39072617457584324,-0.5563385795422586,0,1,0,1,0,0,0,0,1,0,0,0,1
0.8295675466232271,0,-0.21289072126673914,-0.46508427634374117,-0.46618317148792077,1,0,-0.8562284618489097,-0.5563385795422586,0,0,0,1,0,0,0,1,0,0,0,0,0
-1.571457222465138,1,-0.25028807187587027,-0.46508427634374117,-0.46618317148792077,0,0,1.4889040933231956,-0.5563385795422586,0,1,1,0,0,0,0,1,0,0,0,0,1
0.8295675466232271,0,-0.21289072126673914,-0.46508427634374117,-0.46618317148792077,1,0,-0.7758471369930473,-0.5563385795422586,0,1,0,1,0,0,0,1,0,0,0,0,0
-1.571457222465138,1,-0.3998774743123949,-0.46508427634374117,-0.46618317148792077,0,1,1.0161612605789851,-0.5563385795422586,0,0,1,0,0,0,0,1,0,0,0,0,1
-1.571457222465138,0,0.9464271476163267,0.4783345406270387,-0.46618317148792077,0,1,1.0766741720852302,0.07341192703021858,0,1,0,1,0,0,0,0,1,0,1,0,1
-1.571457222465138,0,0.9464271476163267,-0.46508427634374117,-0.46618317148792077,0,1,1.1886063260501698,-0.5563385795422586,0,1,0,1,0,0,0,0,1,0,0,0,1
0.8295675466232271,0,-0.21289072126673914,-0.46508427634374117,-0.46618317148792077,1,0,-0.7758471369930473,-0.5563385795422586,0,1,0,1,0,0,0,1,0,0,0,0,0
-0.3709448379209555,0,0.4976589403067529,0.4783345406270387,1.9217478939753856,0,0,0.43472484678402096,1.3329129401751731,0,1,0,1,0,0,0,0,1,0,1,0,0
-1.571457222465138,1,-0.7738509804037065,-0.46508427634374117,1.9217478939753856,0,1,0.38068734697304724,0.7031624336026958,0,1,1,0,0,0,0,1,0,0,1,0,1
0.8295675466232271,1,-0.9234403828402311,7.082266259422497,1.9217478939753856,1,0,1.3611159704086282,5.741166486182514,0,1,1,0,0,0,1,0,0,0,0,1,0
-1.571457222465138,0,2.6667052756363603,-0.46508427634374117,-0.46618317148792077,0,1,0.39072617457584324,-0.5563385795422586,0,1,0,1,0,0,0,0,0,1,0,0,0
0.8295675466232271,1,-1.0730297852767559,-0.46508427634374117,-0.46618317148792077,0,0,-0.7604866274474131,-0.5563385795422586,1,0,1,0,0,0,1,0,0,0,0,0,1
0.8295675466232271,1,0.1236854342154413,-0.46508427634374117,-0.46618317148792077,1,0,-0.8567552954513431,-0.5563385795422586,0,0,0,0,1,0,0,1,0,0,0,0,1
-1.571457222465138,0,1.2456059524893761,-0.46508427634374117,-0.46618317148792077,0,1,1.4934175990459937,-0.5563385795422586,0,0,0,1,0,0,0,0,1,0,0,0,0
-1.571457222465138,0,-0.10069866943934565,-0.46508427634374117,-0.46618317148792077,0,0,0.9658271727291414,-0.5563385795422586,0,1,0,1,0,0,0,1,0,0,0,0,0
-0.3709448379209555,1,1.5447847573624254,-0.46508427634374117,0.7277823612437324,0,0,0.36991562301720593,0.07341192703021858,0,1,0,0,1,0,0,0,1,0,1,0,1
-1.571457222465138,1,-0.7738509804037065,0.4783345406270387,-0.46618317148792077,0,1,1.6359603052885918,0.07341192703021858,0,0,0,0,1,0,0,1,0,0,1,0,1
0.8295675466232271,1,-0.9234403828402311,0.4783345406270387,-0.46618317148792077,1,0,0.2966668029585505,0.07341192703021858,1,0,1,0,0,0,1,0,0,0,1,0,1
-1.571457222465138,0,0.7968377451798021,0.4783345406270387,-0.46618317148792077,1,1,1.1886063260501698,0.07341192703021858,0,0,0,1,0,0,0,0,1,0,1,0,1
-1.571457222465138,1,2.442321171981573,-0.46508427634374117,-0.46618317148792077,0,1,1.50366065285786,-0.5563385795422586,0,1,0,0,1,0,0,0,0,1,0,0,1
-1.571457222465138,0,-0.17549337065760798,0.4783345406270387,-0.46618317148792077,0,1,1.0871384005683544,0.07341192703021858,0,1,0,1,0,0,0,1,0,0,1,0,1
-1.571457222465138,1,0.4228642390884906,0.4783345406270387,-0.46618317148792077,0,1,1.6237937145275108,0.07341192703021858,0,1,0,0,1,0,0,0,1,0,1,0,1
0.8295675466232271,0,-0.21289072126673914,-0.46508427634374117,-0.46618317148792077,1,0,-0.16363577960189038,-0.5563385795422586,0,1,0,1,0,0,0,1,0,0,0,0,0
0.8295675466232271,0,0.9464271476163267,-0.46508427634374117,-0.46618317148792077,0,1,-0.8047631263495542,-0.5563385795422586,0,1,0,1,0,0,0,0,1,0,0,0,0
0.8295675466232271,0,-0.21289072126673914,-0.46508427634374117,-0.46618317148792077,1,0,-0.7758471369930473,-0.5563385795422586,0,0,0,1,0,0,0,1,0,0,0,0,0
-1.571457222465138,1,0.8716324463980645,0.4783345406270387,-0.46618317148792077,1,1,1.0632584193880232,0.07341192703021858,0,1,0,0,1,0,0,0,1,0,1,0,1
0.8295675466232271,0,-0.3998774743123949,-0.46508427634374117,-0.46618317148792077,0,0,-0.8789492518921187,-0.5563385795422586,0,1,0,1,0,0,0,1,0,0,0,0,0
0.8295675466232271,0,-0.3998774743123949,-0.46508427634374117,-0.46618317148792077,0,0,-0.8672601143301646,-0.5563385795422586,0,1,0,1,0,0,0,1,0,0,0,0,1
-0.3709448379209555,1,-1.8957714986776413,1.4217533575978185,0.7277823612437324,0,1,0.7755273983280434,1.3329129401751731,0,1,1,0,0,0,0,0,0,0,1,0,1
-0.3709448379209555,1,-0.10069866943934565,-0.46508427634374117,-0.46618317148792077,0,0,-0.30786719696643905,-0.5563385795422586,0,1,1,0,0,0,0,1,0,0,0,0,1
-0.3709448379209555,0,-0.8486456816219689,-0.46508427634374117,-0.46618317148792077,0,0,1.4173355626251152,-0.5563385795422586,0,1,0,1,0,0,0,1,0,0,0,0,0
0.8295675466232271,1,-0.17549337065760798,-0.46508427634374117,1.9217478939753856,0,0,-0.4555471260966126,0.7031624336026958,0,1,0,0,1,0,0,1,0,0,1,0,1
-1.571457222465138,0,1.469990056144163,-0.46508427634374117,-0.46618317148792077,1,0,0.7908921367258613,-0.5563385795422586,0,0,0,0,0,1,0,0,1,0,0,0,0
0.8295675466232271,0,-1.147824486495018,4.252009808510158,1.9217478939753856,0,0,0.9615272531783765,3.851914966465082,0,1,0,1,0,0,1,0,0,0,0,1,0
-0.3709448379209555,1,0.27327483665196595,0.4783345406270387,-0.46618317148792077,1,0,0.2904934294194723,0.07341192703021858,0,0,0,0,1,0,0,1,0,0,1,0,1
0.8295675466232271,0,-0.5494668767489196,-0.46508427634374117,-0.46618317148792077,0,0,-0.6195979894588993,-0.5563385795422586,0,1,0,1,0,0,0,1,0,0,0,0,0
-1.571457222465138,0,0.5724536415250152,0.4783345406270387,0.7277823612437324,0,1,1.0766741720852302,0.7031624336026958,0,1,0,1,0,0,0,0,1,0,1,0,1
0.8295675466232271,0,1.3204006537076383,-0.46508427634374117,-0.46618317148792077,0,0,-0.8536233379665082,-0.5563385795422586,0,1,0,1,0,0,0,0,1,0,0,0,0
0.8295675466232271,0,-0.21289072126673914,-0.46508427634374117,-0.46618317148792077,1,0,-0.20282957360471018,-0.5563385795422586,0,1,0,1,0,0,0,1,0,0,0,0,0
-0.3709448379209555,0,-0.10069866943934565,-0.46508427634374117,-0.46618317148792077,0,0,-0.30786719696643905,-0.5563385795422586,0,1,0,1,0,0,0,1,0,0,0,0,0
0.8295675466232271,0,0.4976589403067529,0.4783345406270387,0.7277823612437324,0,0,0.2966668029585505,0.7031624336026958,0,1,0,1,0,0,0,0,1,0,1,0,0
0.8295675466232271,0,-0.6990562791854442,-0.46508427634374117,-0.46618317148792077,0,0,-0.8562284618489097,-0.5563385795422586,0,0,0,1,0,0,0,1,0,0,0,0,1
-0.3709448379209555,1,1.9187582634537368,-0.46508427634374117,-0.46618317148792077,0,0,-0.10750222867269259,-0.5563385795422586,0,1,0,0,1,0,0,0,1,0,0,0,1
0.8295675466232271,1,-0.9234403828402311,2.3651721745685985,0.7277823612437324,1,0,0.3493281261467653,1.9626634467476503,0,1,1,0,0,0,1,0,0,0,0,1,0
0.8295675466232271,0,-0.5494668767489196,-0.46508427634374117,-0.46618317148792077,0,0,-0.869379051629148,-0.5563385795422586,0,1,0,1,0,0,0,1,0,0,0,0,0
-0.3709448379209555,1,2.0683476658902613,-0.46508427634374117,-0.46618317148792077,0,1,-0.5108681288878646,-0.5563385795422586,0,1,0,0,1,0,0,0,1,0,0,0,0
0.8295675466232271,0,-0.025903968221083335,0.4783345406270387,-0.46618317148792077,0,0,-0.8794878163294028,0.07341192703021858,0,1,0,1,0,0,0,1,0,0,1,0,0
0.8295675466232271,0,-0.25028807187587027,1.4217533575978185,-0.46618317148792077,0,0,-0.6905301569147303,0.7031624336026958,0,1,0,1,0,0,0,1,0,0,1,0,0
0.8295675466232271,0,-0.21289072126673914,-0.46508427634374117,-0.46618317148792077,1,0,-0.7581120559162504,-0.5563385795422586,0,1,0,1,0,0,0,1,0,0,0,0,0
-1.571457222465138,1,0.7220430439615398,0.4783345406270387,-0.46618317148792077,0,1,1.1886063260501698,0.07341192703021858,0,1,0,0,1,0,0,0,1,0,1,0,1
0.8295675466232271,0,0.1984801354337036,-0.46508427634374117,-0.46618317148792077,0,0,-0.7758471369930473,-0.5563385795422586,0,1,0,1,0,0,0,1,0,0,0,0,0
0.8295675466232271,1,0.04889073299717898,-0.46508427634374117,-0.46618317148792077,0,0,-0.34731069356332783,-0.5563385795422586,0,1,1,0,0,0,0,1,0,0,0,0,1
-1.571457222465138,1,0.6472483427432775,-0.46508427634374117,-0.46618317148792077,0,1,1.50366065285786,-0.5563385795422586,0,1,1,0,0,0,0,0,1,0,0,0,1
0.8295675466232271,0,-0.21289072126673914,-0.46508427634374117,-0.46618317148792077,1,0,-0.7758471369930473,-0.5563385795422586,0,1,0,1,0,0,0,1,0,0,0,0,0
0.8295675466232271,1,-0.8486456816219689,-0.46508427634374117,-0.46618317148792077,0,0,-0.8233257461181566,-0.5563385795422586,0,1,1,0,0,0,0,1,0,0,0,0,1
-0.3709448379209555,1,-0.3998774743123949,0.4783345406270387,1.9217478939753856,0,0,1.2923170789041762,1.3329129401751731,0,1,1,0,0,0,0,1,0,0,1,0,1
0.8295675466232271,1,-1.8957714986776413,0.4783345406270387,0.7277823612437324,0,1,-0.06586053103344817,0.7031624336026958,0,1,1,0,0,0,0,0,0,0,1,0,1
0.8295675466232271,1,-0.5494668767489196,-0.46508427634374117,-0.46618317148792077,0,0,-0.8536233379665082,-0.5563385795422586,0,1,1,0,0,0,0,1,0,0,0,0,1
0.8295675466232271,1,-0.9234403828402311,-0.46508427634374117,-0.46618317148792077,1,0,-0.7777746598832023,-0.5563385795422586,1,0,1,0,0,0,1,0,0,0,0,0,1
-0.3709448379209555,0,-0.4746721755306572,-0.46508427634374117,-0.46618317148792077,0,0,-0.5108681288878646,-0.5563385795422586,0,1,0,0,0,1,0,1,0,0,0,0,0
0.8295675466232271,0,-0.8486456816219689,-0.46508427634374117,-0.46618317148792077,0,0,-0.78751357970953,-0.5563385795422586,0,1,0,1,0,0,0,1,0,0,0,0,0
-1.571457222465138,0,0.7968377451798021,-0.46508427634374117,-0.46618317148792077,1,0,0.5452478949463863,-0.5563385795422586,0,1,0,1,0,0,0,0,1,0,0,0,0
0.8295675466232271,0,0.27327483665196595,-0.46508427634374117,-0.46618317148792077,0,0,-0.7758471369930473,-0.5563385795422586,0,1,0,1,0,0,0,1,0,0,0,0,0
-0.3709448379209555,1,-1.596592693804592,-0.46508427634374117,1.9217478939753856,0,0,0.37942701937126566,0.7031624336026958,0,1,1,0,0,0,0,0,0,0,1,0,1
0.8295675466232271,0,-0.5494668767489196,0.4783345406270387,-0.46618317148792077,0,0,-0.8536233379665082,0.07341192703021858,0,1,0,1,0,0,0,1,0,0,1,0,0
-1.571457222465138,0,0.4976589403067529,-0.46508427634374117,-0.46618317148792077,0,1,0.38462116037111144,-0.5563385795422586,0,1,0,1,0,0,0,0,1,0,0,0,1
-0.3709448379209555,0,-0.3250827730941326,-0.46508427634374117,-0.46618317148792077,0,0,-0.30786719696643905,-0.5563385795422586,0,1,0,1,0,0,0,1,0,0,0,0,0
0.8295675466232271,0,-0.7738509804037065,-0.46508427634374117,-0.46618317148792077,0,0,-0.7581120559162504,-0.5563385795422586,0,1,0,1,0,0,0,1,0,0,0,0,1
0.8295675466232271,1,-0.9234403828402311,0.4783345406270387,1.9217478939753856,1,0,0.2675364237133205,1.3329129401751731,0,1,1,0,0,0,1,0,0,0,1,0,0
-1.571457222465138,0,0.4976589403067529,0.4783345406270387,1.9217478939753856,0,1,1.9178366200513448,1.3329129401751731,0,1,0,1,0,0,0,0,1,0,1,0,1
-0.3709448379209555,0,-0.4746721755306572,1.4217533575978185,0.7277823612437324,0,0,-0.4248200428707556,1.3329129401751731,0,1,0,1,0,0,0,1,0,0,1,0,0
0.8295675466232271,1,-0.025903968221083335,-0.46508427634374117,4.309678959438692,0,0,0.1620841767840696,1.9626634467476503,0,1,0,0,1,0,0,1,0,0,0,1,0
0.8295675466232271,1,-2.1201556023324284,0.4783345406270387,0.7277823612437324,0,0,-0.7581120559162504,0.7031624336026958,0,1,1,0,0,0,0,0,0,0,1,0,1
0.8295675466232271,0,0.4228642390884906,-0.46508427634374117,-0.46618317148792077,0,0,-0.7758471369930473,-0.5563385795422586,0,0,0,1,0,0,0,0,1,0,0,0,0
-0.3709448379209555,0,-0.025903968221083335,0.4783345406270387,-0.46618317148792077,0,0,0.1585720490635233,0.07341192703021858,0,1,0,1,0,0,0,1,0,0,1,0,0
-0.3709448379209555,0,1.0960165500528514,0.4783345406270387,-0.46618317148792077,0,0,0.36991562301720593,0.07341192703021858,0,1,0,1,0,0,0,0,1,0,1,0,0
-1.571457222465138,0,0.4976589403067529,0.4783345406270387,-0.46618317148792077,0,1,1.4889040933231956,0.07341192703021858,0,1,0,1,0,0,0,0,1,0,1,0,0
0.8295675466232271,0,-0.21289072126673914,-0.46508427634374117,-0.46618317148792077,1,0,-0.7758471369930473,-0.5563385795422586,0,1,0,1,0,0,0,1,0,0,0,0,0
0.8295675466232271,0,-0.21289072126673914,-0.46508427634374117,-0.46618317148792077,1,0,-0.8918491598508469,-0.5563385795422586,1,0,0,1,0,0,0,1,0,0,0,0,0
0.8295675466232271,0,-0.6242615779671818,-0.46508427634374117,-0.46618317148792077,0,0,-0.78751357970953,-0.5563385795422586,0,1,0,1,0,0,0,1,0,0,0,0,1
0.8295675466232271,0,-0.9982350840584935,-0.46508427634374117,-0.46618317148792077,0,0,-0.6047491117062418,-0.5563385795422586,0,1,0,1,0,0,1,0,0,0,0,0,0
-0.3709448379209555,1,-1.7461820962411165,-0.46508427634374117,0.7277823612437324,0,0,0.6078112436175357,0.07341192703021858,0,1,1,0,0,0,0,0,0,0,1,0,1
0.8295675466232271,0,0.1984801354337036,-0.46508427634374117,-0.46618317148792077,0,1,-0.7581120559162504,-0.5563385795422586,0,1,0,1,0,0,0,1,0,0,0,0,1
-1.571457222465138,0,0.6472483427432775,-0.46508427634374117,-0.46618317148792077,0,0,-3.031319466504755,-0.5563385795422586,0,1,0,0,0,1,0,0,1,0,0,0,0
-0.3709448379209555,1,-0.25028807187587027,0.4783345406270387,0.7277823612437324,0,0,0.36991562301720593,0.7031624336026958,0,1,0,0,1,0,0,1,0,0,1,0,0
-1.571457222465138,1,1.8439635622354746,0.4783345406270387,-0.46618317148792077,0,1,1.4813378710052487,0.07341192703021858,0,0,1,0,0,0,0,0,1,0,1,0,1
-1.571457222465138,0,0.7968377451798021,-0.46508427634374117,-0.46618317148792077,1,1,1.026242801167961,-0.5563385795422586,0,1,0,1,0,0,0,0,1,0,0,0,0
-1.571457222465138,0,0.7968377451798021,-0.46508427634374117,-0.46618317148792077,0,0,0.4336761822375622,-0.5563385795422586,0,0,0,0,0,1,0,0,1,0,0,0,0
-0.3709448379209555,0,0.9464271476163267,-0.46508427634374117,-0.46618317148792077,0,0,-0.30786719696643905,-0.5563385795422586,0,1,0,1,0,0,0,0,1,0,0,0,1
0.8295675466232271,0,-0.10069866943934565,-0.46508427634374117,-0.46618317148792077,0,0,-0.7806843666591833,-0.5563385795422586,0,1,0,1,0,0,0,1,0,0,0,0,0
-1.571457222465138,1,0.4228642390884906,0.4783345406270387,-0.46618317148792077,0,1,1.0871384005683544,0.07341192703021858,0,1,0,0,1,0,0,0,1,0,1,0,1
0.8295675466232271,0,-0.8486456816219689,0.4783345406270387,-0.46618317148792077,0,0,-0.9525595312185167,0.07341192703021858,0,1,0,1,0,0,0,1,0,0,1,0,0
0.8295675466232271,0,-0.8486456816219689,-0.46508427634374117,-0.46618317148792077,0,0,-0.7299909917261701,-0.5563385795422586,0,1,0,1,0,0,0,1,0,0,0,0,0
0.8295675466232271,0,-1.5217979925863296,3.3085909915393783,1.9217478939753856,0,0,0.5576694602413629,3.222164459892605,0,1,0,0,0,0,0,0,0,0,0,1,0
0.8295675466232271,0,0.4976589403067529,-0.46508427634374117,-0.46618317148792077,0,0,-0.7758471369930473,-0.5563385795422586,0,1,0,1,0,0,0,0,1,0,0,0,0
0.8295675466232271,1,-2.045360901114166,2.3651721745685985,1.9217478939753856,0,0,0.4400950889070276,2.592413953320128,0,1,1,0,0,0,0,0,0,0,0,1,0
0.8295675466232271,0,-0.3250827730941326,-0.46508427634374117,-0.46618317148792077,0,0,-0.8789492518921187,-0.5563385795422586,0,1,0,1,0,0,0,1,0,0,0,0,0
-0.3709448379209555,0,1.8439635622354746,-0.46508427634374117,-0.46618317148792077,0,0,0.36991562301720593,-0.5563385795422586,0,1,0,1,0,0,0,0,1,0,0,0,0
0.8295675466232271,1,-1.5217979925863296,1.4217533575978185,1.9217478939753856,0,0,0.6487238849218628,1.9626634467476503,0,1,1,0,0,0,0,0,0,0,0,1,0
-1.571457222465138,0,3.788625793910295,-0.46508427634374117,-0.46618317148792077,0,1,0.5124838986855181,-0.5563385795422586,0,1,0,1,0,0,0,0,0,1,0,0,1
-1.571457222465138,1,0.7968377451798021,-0.46508427634374117,-0.46618317148792077,0,1,2.169805489824371,-0.5563385795422586,0,1,1,0,0,0,0,0,1,0,0,0,1
-1.571457222465138,1,0.8716324463980645,-0.46508427634374117,-0.46618317148792077,0,1,2.034637155542994,-0.5563385795422586,0,0,1,0,0,0,0,0,1,0,0,0,1
-0.3709448379209555,1,0.27327483665196595,0.4783345406270387,-0.46618317148792077,1,0,0.36991562301720593,0.07341192703021858,0,1,0,0,1,0,0,1,0,0,1,0,1
0.8295675466232271,0,-0.5494668767489196,-0.46508427634374117,-0.46618317148792077,0,0,-0.6550995462524127,-0.5563385795422586,0,1,0,1,0,0,0,1,0,0,0,0,0
-1.571457222465138,1,-0.9234403828402311,0.4783345406270387,-0.46618317148792077,0,1,1.158973259730115,0.07341192703021858,0,1,0,0,1,0,1,0,0,0,1,0,1
0.8295675466232271,1,1.1708112512711137,0.4783345406270387,4.309678959438692,0,0,0.4400950889070276,2.592413953320128,0,1,0,0,1,0,0,0,1,0,0,1,0
0.8295675466232271,0,-0.6990562791854442,-0.46508427634374117,-0.46618317148792077,0,0,-0.8789492518921187,-0.5563385795422586,0,1,0,1,0,0,0,1,0,0,0,0,0
-1.571457222465138,1,1.69437415979895,0.4783345406270387,-0.46618317148792077,0,1,1.4813378710052487,0.07341192703021858,0,0,0,0,1,0,0,0,1,0,1,0,1
0.8295675466232271,0,0.4228642390884906,-0.46508427634374117,-0.46618317148792077,0,0,-0.8789492518921187,-0.5563385795422586,0,1,0,1,0,0,0,0,1,0,0,0,0
0.8295675466232271,0,0.04889073299717898,-0.46508427634374117,-0.46618317148792077,0,0,-0.8562284618489097,-0.5563385795422586,0,0,0,1,0,0,0,1,0,0,0,0,0
0.8295675466232271,0,-0.21289072126673914,1.4217533575978185,-0.46618317148792077,1,0,0.18995015215701877,0.7031624336026958,0,0,0,1,0,0,0,1,0,0,1,0,0
-1.571457222465138,0,0.6472483427432775,0.4783345406270387,-0.46618317148792077,0,1,1.6237937145275108,0.07341192703021858,0,1,0,1,0,0,0,0,1,0,1,0,1
0.8295675466232271,1,-0.9234403828402311,0.4783345406270387,-0.46618317148792077,1,0,-0.20588341972655477,0.07341192703021858,0,0,1,0,0,0,1,0,0,0,1,0,0
-1.571457222465138,0,0.7968377451798021,-0.46508427634374117,-0.46618317148792077,1,1,-3.031319466504755,-0.5563385795422586,0,1,0,1,0,0,0,0,1,0,0,0,0
-1.571457222465138,1,0.1236854342154413,0.4783345406270387,-0.46618317148792077,0,1,1.1886063260501698,0.07341192703021858,0,0,1,0,0,0,0,1,0,0,1,0,1
0.8295675466232271,0,-0.21289072126673914,-0.46508427634374117,-0.46618317148792077,1,0,-0.8202934719222712,-0.5563385795422586,0,1,0,1,0,0,0,1,0,0,0,0,0
0.8295675466232271,0,-0.6990562791854442,-0.46508427634374117,-0.46618317148792077,0,0,-0.7724652664167495,-0.5563385795422586,0,1,0,1,0,0,0,1,0,0,0,0,0
-1.571457222465138,1,-0.5494668767489196,-0.46508427634374117,-0.46618317148792077,0,0,2.15694812572061,-0.5563385795422586,0,1,1,0,0,0,0,1,0,0,0,0,1
0.8295675466232271,1,-0.25028807187587027,-0.46508427634374117,-0.46618317148792077,0,0,-0.7806843666591833,-0.5563385795422586,0,1,1,0,0,0,0,1,0,0,0,0,1
0.8295675466232271,1,-1.0730297852767559,-0.46508427634374117,-0.46618317148792077,0,0,-0.8567552954513431,-0.5563385795422586,0,0,1,0,0,0,1,0,0,0,0,0,1
0.8295675466232271,0,0.1984801354337036,0.4783345406270387,-0.46618317148792077,0,0,-0.11664833757139786,0.07341192703021858,0,1,0,1,0,0,0,1,0,0,1,0,0
-1.571457222465138,1,0.04889073299717898,-0.46508427634374117,-0.46618317148792077,0,1,1.5833187543773324,-0.5563385795422586,0,1,1,0,0,0,0,1,0,0,0,0,1
-0.3709448379209555,1,0.34806953787022826,-0.46508427634374117,0.7277823612437324,0,0,0.24836598020658354,0.07341192703021858,0,1,0,0,1,0,0,1,0,0,1,0,1
0.8295675466232271,1,-0.9234403828402311,-0.46508427634374117,-0.46618317148792077,1,0,-0.7929011658750097,-0.5563385795422586,1,0,1,0,0,0,1,0,0,0,0,0,1
0.8295675466232271,0,-2.1201556023324284,0.4783345406270387,1.9217478939753856,0,0,0.13844100751685687,1.3329129401751731,0,1,0,0,0,0,0,0,0,0,1,0,1
-0.3709448379209555,0,-0.10069866943934565,-0.46508427634374117,-0.46618317148792077,0,0,-0.2716536848503412,-0.5563385795422586,0,1,0,1,0,0,0,1,0,0,0,0,0
-1.571457222465138,1,0.04889073299717898,-0.46508427634374117,-0.46618317148792077,0,1,1.6627409479750657,-0.5563385795422586,0,1,1,0,0,0,0,1,0,0,0,0,1
0.8295675466232271,0,-0.5494668767489196,-0.46508427634374117,-0.46618317148792077,0,0,-0.8536233379665082,-0.5563385795422586,0,1,0,1,0,0,0,1,0,0,0,0,0
0.8295675466232271,1,-0.6242615779671818,1.4217533575978185,1.9217478939753856,0,0,0.6487238849218628,1.9626634467476503,0,1,1,0,0,0,0,1,0,0,0,1,0
-0.3709448379209555,0,0.4976589403067529,-0.46508427634374117,-0.46618317148792077,0,1,-0.3171226778327261,-0.5563385795422586,0,0,0,1,0,0,0,0,1,0,0,0,0
0.8295675466232271,0,0.7968377451798021,-0.46508427634374117,-0.46618317148792077,0,0,-0.7758471369930473,-0.5563385795422586,0,1,0,1,0,0,0,0,1,0,0,0,0
-0.3709448379209555,0,-2.1201556023324284,-0.46508427634374117,1.9217478939753856,0,0,0.7227078400199545,0.7031624336026958,0,0,0,0,0,0,0,0,0,0,1,0,1
0.8295675466232271,0,0.7968377451798021,0.4783345406270387,0.7277823612437324,0,0,-0.1383098656762799,0.7031624336026958,1,0,0,1,0,0,0,0,1,0,1,0,0
0.8295675466232271,1,-0.10069866943934565,-0.46508427634374117,-0.46618317148792077,0,0,-0.7581120559162504,-0.5563385795422586,0,1,1,0,0,0,0,1,0,0,0,0,0
-0.3709448379209555,1,0.7968377451798021,-0.46508427634374117,-0.46618317148792077,0,0,-0.30786719696643905,-0.5563385795422586,0,1,1,0,0,0,0,0,1,0,0,0,1
0.8295675466232271,1,-0.9234403828402311,-0.46508427634374117,-0.46618317148792077,1,0,-0.7948726538512316,-0.5563385795422586,1,0,1,0,0,0,1,0,0,0,0,0,1
0.8295675466232271,0,-0.17549337065760798,-0.46508427634374117,-0.46618317148792077,0,0,-0.7758471369930473,-0.5563385795422586,0,1,0,1,0,0,0,1,0,0,0,0,0
-1.571457222465138,1,-0.3998774743123949,-0.46508427634374117,-0.46618317148792077,0,1,1.5431342643342567,-0.5563385795422586,0,0,1,0,0,0,0,1,0,0,0,0,1
-0.3709448379209555,1,-1.820976797459379,0.4783345406270387,1.9217478939753856,0,0,0.43472484678402096,1.3329129401751731,0,1,1,0,0,0,0,0,0,0,1,0,1
0.8295675466232271,0,0.34806953787022826,-0.46508427634374117,-0.46618317148792077,0,0,-0.9525595312185167,-0.5563385795422586,0,1,0,1,0,0,0,1,0,0,0,0,0
-1.571457222465138,1,0.04889073299717898,0.4783345406270387,-0.46618317148792077,1,1,1.8588252410372565,0.07341192703021858,0,0,1,0,0,0,0,1,0,0,1,0,1
0.8295675466232271,0,3.078076132336803,-0.46508427634374117,-0.46618317148792077,0,0,-0.7929011658750097,-0.5563385795422586,1,0,0,1,0,0,0,0,0,1,0,0,0
0.8295675466232271,1,-0.9234403828402311,3.3085909915393783,1.9217478939753856,0,0,-0.7724652664167495,3.222164459892605,0,1,1,0,0,0,1,0,0,0,0,1,1
-1.571457222465138,1,-0.9982350840584935,-0.46508427634374117,0.7277823612437324,0,1,1.1762504788371821,0.07341192703021858,0,0,1,0,0,0,1,0,0,0,1,0,1
0.8295675466232271,0,-0.7738509804037065,-0.46508427634374117,-0.46618317148792077,0,0,-0.7458358230731784,-0.5563385795422586,0,1,0,1,0,0,0,1,0,0,0,0,0
0.8295675466232271,0,-0.21289072126673914,-0.46508427634374117,-0.46618317148792077,1,0,-0.8536233379665082,-0.5563385795422586,0,1,0,1,0,0,0,1,0,0,0,0,0
-1.571457222465138,1,-0.3250827730941326,0.4783345406270387,1.9217478939753856,0,1,1.1886063260501698,1.3329129401751731,0,1,0,0,1,0,0,1,0,0,1,0,0
-1.571457222465138,0,0.9464271476163267,0.4783345406270387,-0.46618317148792077,0,0,1.0659392028510697,0.07341192703021858,0,1,0,1,0,0,0,0,1,0,1,0,0
0.8295675466232271,0,-0.6242615779671818,-0.46508427634374117,-0.46618317148792077,0,0,-0.7724652664167495,-0.5563385795422586,0,1,0,1,0,0,0,1,0,0,0,0,0
0.8295675466232271,0,-0.21289072126673914,-0.46508427634374117,-0.46618317148792077,1,0,-0.7758471369930473,-0.5563385795422586,0,1,0,1,0,0,0,1,0,0,0,0,0
-0.3709448379209555,0,0.08628808360631014,-0.46508427634374117,-0.46618317148792077,1,0,-3.031319466504755,-0.5563385795422586,0,1,0,1,0,0,0,1,0,0,0,0,0
-1.571457222465138,1,-1.0730297852767559,-0.46508427634374117,0.7277823612437324,0,1,1.1886063260501698,0.07341192703021858,0,1,1,0,0,0,1,0,0,0,1,0,1
0.8295675466232271,0,1.1708112512711137,-0.46508427634374117,-0.46618317148792077,0,0,-0.8886090341148618,-0.5563385795422586,0,1,0,1,0,0,0,0,1,0,0,0,0
0.8295675466232271,0,-0.21289072126673914,0.4783345406270387,-0.46618317148792077,1,0,0.10892663760152105,0.07341192703021858,0,1,0,1,0,0,0,1,0,0,1,0,0
0.8295675466232271,0,-0.3250827730941326,0.4783345406270387,-0.46618317148792077,0,0,-0.7899568580314144,0.07341192703021858,0,1,0,1,0,0,0,1,0,0,1,0,1
-1.571457222465138,0,0.27327483665196595,-0.46508427634374117,-0.46618317148792077,0,1,-1.182260964373873,-0.5563385795422586,0,1,0,1,0,0,0,1,0,0,0,0,0
-0.3709448379209555,1,-0.3998774743123949,-0.46508427634374117,-0.46618317148792077,1,0,-0.30786719696643905,-0.5563385795422586,0,1,1,0,0,0,0,1,0,0,0,0,1
-0.3709448379209555,0,0.1984801354337036,1.4217533575978185,-0.46618317148792077,0,0,1.4173355626251152,0.7031624336026958,0,1,0,1,0,0,0,1,0,0,1,0,0
-1.571457222465138,0,-0.25028807187587027,-0.46508427634374117,-0.46618317148792077,0,1,0.5124838986855181,-0.5563385795422586,0,0,0,1,0,0,0,1,0,0,0,0,1
0.8295675466232271,0,0.5724536415250152,1.4217533575978185,-0.46618317148792077,0,0,-0.7724652664167495,0.7031624336026958,0,1,0,1,0,0,0,0,1,0,1,0,0
-1.571457222465138,1,1.5447847573624254,-0.46508427634374117,-0.46618317148792077,0,1,0.468707989347934,-0.5563385795422586,0,0,1,0,0,0,0,0,1,0,0,0,0
-1.571457222465138,0,1.5447847573624254,0.4783345406270387,-0.46618317148792077,0,1,1.7950335556567831,0.07341192703021858,0,0,0,1,0,0,0,0,1,0,1,0,0
0.8295675466232271,1,-0.9234403828402311,-0.46508427634374117,-0.46618317148792077,1,0,-0.7581120559162504,-0.5563385795422586,1,0,1,0,0,0,1,0,0,0,0,0,0
-0.3709448379209555,0,0.34806953787022826,0.4783345406270387,-0.46618317148792077,0,0,0.1585720490635233,0.07341192703021858,0,1,0,1,0,0,0,1,0,0,1,0,0
0.8295675466232271,1,-0.9234403828402311,-0.46508427634374117,-0.46618317148792077,1,0,-0.7777746598832023,-0.5563385795422586,1,0,1,0,0,0,1,0,0,0,0,0,1
-1.571457222465138,1,0.4228642390884906,-0.46508427634374117,-0.46618317148792077,0,0,3.4091774272469433,-0.5563385795422586,0,0,1,0,0,0,0,0,1,0,0,0,1
0.8295675466232271,1,1.3951953549259006,0.4783345406270387,3.1157134267070385,0,0,0.6487238849218628,1.9626634467476503,0,1,0,0,1,0,0,0,1,0,0,1,0
-1.571457222465138,0,1.3204006537076383,-0.46508427634374117,-0.46618317148792077,0,1,0.7625463567398731,-0.5563385795422586,0,1,0,1,0,0,0,0,1,0,0,0,0
-1.571457222465138,0,0.7968377451798021,-0.46508427634374117,-0.46618317148792077,1,0,0.39072617457584324,-0.5563385795422586,0,1,0,1,0,0,0,0,1,0,0,0,1
